date,daily_ave
2005-01-01T00:00:00Z,3107.625
2005-01-02T00:00:00Z,3068.2916666666665
2005-01-03T00:00:00Z,3061.2916666666665
2005-01-04T00:00:00Z,2565.7083333333335
2005-01-05T00:00:00Z,2495.7083333333335
2005-01-06T00:00:00Z,2734.9166666666665
2005-01-07T00:00:00Z,3179.6666666666665
2005-01-08T00:00:00Z,3360.7083333333335
2005-01-09T00:00:00Z,3763.9583333333335
2005-01-10T00:00:00Z,3559.2083333333335
2005-01-11T00:00:00Z,3405.6666666666665
2005-01-12T00:00:00Z,3157
2005-01-13T00:00:00Z,2517.625
2005-01-14T00:00:00Z,3211.75
2005-01-15T00:00:00Z,4809.708333333333
2005-01-16T00:00:00Z,4614.291666666667
2005-01-17T00:00:00Z,6012
2005-01-18T00:00:00Z,6657.291666666667
2005-01-19T00:00:00Z,6632.708333333333
2005-01-20T00:00:00Z,4971.916666666667
2005-01-21T00:00:00Z,5493
2005-01-22T00:00:00Z,6091.375
2005-01-23T00:00:00Z,7114.625
2005-01-24T00:00:00Z,6540.333333333333
2005-01-25T00:00:00Z,4519.416666666667
2005-01-26T00:00:00Z,3900.2083333333335
2005-01-27T00:00:00Z,4427
2005-01-28T00:00:00Z,5896.083333333333
2005-01-29T00:00:00Z,6352.708333333333
2005-01-30T00:00:00Z,4892.333333333333
2005-01-31T00:00:00Z,4760.958333333333
2005-02-01T00:00:00Z,5161.416666666667
2005-02-02T00:00:00Z,5136.416666666667
2005-02-03T00:00:00Z,5056
2005-02-04T00:00:00Z,4143.291666666667
2005-02-05T00:00:00Z,4134.666666666667
2005-02-06T00:00:00Z,4083.6666666666665
2005-02-07T00:00:00Z,3553
2005-02-08T00:00:00Z,2946.4583333333335
2005-02-09T00:00:00Z,3099.2916666666665
2005-02-10T00:00:00Z,3925.375
2005-02-11T00:00:00Z,4787.291666666667
2005-02-12T00:00:00Z,4095.0833333333335
2005-02-13T00:00:00Z,3799.3333333333335
2005-02-14T00:00:00Z,3388.7916666666665
2005-02-15T00:00:00Z,3171.2916666666665
2005-02-16T00:00:00Z,2996.3333333333335
2005-02-17T00:00:00Z,3977.7083333333335
2005-02-18T00:00:00Z,4472.625
2005-02-19T00:00:00Z,4600.875
2005-02-20T00:00:00Z,4317.625
2005-02-21T00:00:00Z,3622.7083333333335
2005-02-22T00:00:00Z,3038.0833333333335
2005-02-23T00:00:00Z,3255.625
2005-02-24T00:00:00Z,4546.375
2005-02-25T00:00:00Z,4295.625
2005-02-26T00:00:00Z,4345
2005-02-27T00:00:00Z,4563
2005-02-28T00:00:00Z,5248.666666666667
2005-03-01T00:00:00Z,4988.125
2005-03-02T00:00:00Z,5011.625
2005-03-03T00:00:00Z,4684.916666666667
2005-03-04T00:00:00Z,4412.708333333333
2005-03-05T00:00:00Z,3809.625
2005-03-06T00:00:00Z,3809
2005-03-07T00:00:00Z,3124.4166666666665
2005-03-08T00:00:00Z,3589.625
2005-03-09T00:00:00Z,4332.25
2005-03-10T00:00:00Z,4117.708333333333
2005-03-11T00:00:00Z,3888.0833333333335
2005-03-12T00:00:00Z,3947.75
2005-03-13T00:00:00Z,3303.25
2005-03-14T00:00:00Z,3640.1666666666665
2005-03-15T00:00:00Z,3799.0833333333335
2005-03-16T00:00:00Z,4264.125
2005-03-17T00:00:00Z,4860.375
2005-03-18T00:00:00Z,3984.625
2005-03-19T00:00:00Z,3703.3333333333335
2005-03-20T00:00:00Z,3175.0416666666665
2005-03-21T00:00:00Z,3092.75
2005-03-22T00:00:00Z,3187
2005-03-23T00:00:00Z,3044.875
2005-03-24T00:00:00Z,2699.6666666666665
2005-03-25T00:00:00Z,3055.6666666666665
2005-03-26T00:00:00Z,3216.7083333333335
2005-03-27T00:00:00Z,3536.375
2005-03-28T00:00:00Z,3141.5833333333335
2005-03-29T00:00:00Z,2631.6666666666665
2005-03-30T00:00:00Z,2611.3333333333335
2005-03-31T00:00:00Z,2474.6666666666665
2005-04-01T00:00:00Z,2573.0833333333335
2005-04-02T00:00:00Z,2909.0833333333335
2005-04-03T00:00:00Z,3218.3478260869565
2005-04-04T00:00:00Z,2657
2005-04-05T00:00:00Z,2510.7083333333335
2005-04-06T00:00:00Z,2393.75
2005-04-07T00:00:00Z,2292.375
2005-04-08T00:00:00Z,2275.7083333333335
2005-04-09T00:00:00Z,2445.5833333333335
2005-04-10T00:00:00Z,2670.3333333333335
2005-04-11T00:00:00Z,2472
2005-04-12T00:00:00Z,2596.6666666666665
2005-04-13T00:00:00Z,3459.7083333333335
2005-04-14T00:00:00Z,3025.375
2005-04-15T00:00:00Z,2652.4583333333335
2005-04-16T00:00:00Z,3155.7083333333335
2005-04-17T00:00:00Z,3099.0416666666665
2005-04-18T00:00:00Z,2584.25
2005-04-19T00:00:00Z,2499.2916666666665
2005-04-20T00:00:00Z,2534.9166666666665
2005-04-21T00:00:00Z,2556.4583333333335
2005-04-22T00:00:00Z,2348.7083333333335
2005-04-23T00:00:00Z,2460.625
2005-04-24T00:00:00Z,3500.9583333333335
2005-04-25T00:00:00Z,2902.2916666666665
2005-04-26T00:00:00Z,2660.7083333333335
2005-04-27T00:00:00Z,2488.0416666666665
2005-04-28T00:00:00Z,2690.9583333333335
2005-04-29T00:00:00Z,2479.2083333333335
2005-04-30T00:00:00Z,2513
2005-05-01T00:00:00Z,2460.3333333333335
2005-05-02T00:00:00Z,2630.4166666666665
2005-05-03T00:00:00Z,2618.0416666666665
2005-05-04T00:00:00Z,2452.0416666666665
2005-05-05T00:00:00Z,2654.5833333333335
2005-05-06T00:00:00Z,2596.375
2005-05-07T00:00:00Z,2780.0833333333335
2005-05-08T00:00:00Z,2619.0416666666665
2005-05-09T00:00:00Z,2608
2005-05-10T00:00:00Z,2644.625
2005-05-11T00:00:00Z,2884.5833333333335
2005-05-12T00:00:00Z,2798.3333333333335
2005-05-13T00:00:00Z,2287.7916666666665
2005-05-14T00:00:00Z,2675.7083333333335
2005-05-15T00:00:00Z,2581.7083333333335
2005-05-16T00:00:00Z,2473.75
2005-05-17T00:00:00Z,2415.4166666666665
2005-05-18T00:00:00Z,2428.6666666666665
2005-05-19T00:00:00Z,2575.3333333333335
2005-05-20T00:00:00Z,2433.6666666666665
2005-05-21T00:00:00Z,2522.0416666666665
2005-05-22T00:00:00Z,2672.0833333333335
2005-05-23T00:00:00Z,2725.0416666666665
2005-05-24T00:00:00Z,2264.4166666666665
2005-05-25T00:00:00Z,2297.4166666666665
2005-05-26T00:00:00Z,2551.9583333333335
2005-05-27T00:00:00Z,2595.5416666666665
2005-05-28T00:00:00Z,2540.9583333333335
2005-05-29T00:00:00Z,2432.4166666666665
2005-05-30T00:00:00Z,2789.6666666666665
2005-05-31T00:00:00Z,2651
2005-06-01T00:00:00Z,2315.625
2005-06-02T00:00:00Z,2381.9583333333335
2005-06-03T00:00:00Z,2340.4166666666665
2005-06-04T00:00:00Z,2976
2005-06-05T00:00:00Z,3698.0416666666665
2005-06-06T00:00:00Z,3872
2005-06-07T00:00:00Z,3535.375
2005-06-08T00:00:00Z,3579.25
2005-06-09T00:00:00Z,3232.0416666666665
2005-06-10T00:00:00Z,3455.7083333333335
2005-06-11T00:00:00Z,3609.2916666666665
2005-06-12T00:00:00Z,3576.6666666666665
2005-06-13T00:00:00Z,3659.9166666666665
2005-06-14T00:00:00Z,4188.625
2005-06-15T00:00:00Z,4066.625
2005-06-16T00:00:00Z,3483.9166666666665
2005-06-17T00:00:00Z,3063.6666666666665
2005-06-18T00:00:00Z,3032.2916666666665
2005-06-19T00:00:00Z,3089.6666666666665
2005-06-20T00:00:00Z,2888.0833333333335
2005-06-21T00:00:00Z,2995.0833333333335
2005-06-22T00:00:00Z,3269.3333333333335
2005-06-23T00:00:00Z,3447
2005-06-24T00:00:00Z,3541.3333333333335
2005-06-25T00:00:00Z,3617.375
2005-06-26T00:00:00Z,3694.0416666666665
2005-06-27T00:00:00Z,3829.2916666666665
2005-06-28T00:00:00Z,3281.4583333333335
2005-06-29T00:00:00Z,3464.375
2005-06-30T00:00:00Z,4124
2005-07-01T00:00:00Z,4117.25
2005-07-02T00:00:00Z,3935.375
2005-07-03T00:00:00Z,3514.3333333333335
2005-07-04T00:00:00Z,3593.2916666666665
2005-07-05T00:00:00Z,3884.0416666666665
2005-07-06T00:00:00Z,4054.4166666666665
2005-07-07T00:00:00Z,2978.7083333333335
2005-07-08T00:00:00Z,3546.75
2005-07-09T00:00:00Z,3935.6666666666665
2005-07-10T00:00:00Z,4219
2005-07-11T00:00:00Z,3767.5833333333335
2005-07-12T00:00:00Z,4375.708333333333
2005-07-13T00:00:00Z,3952.25
2005-07-14T00:00:00Z,3470.6666666666665
2005-07-15T00:00:00Z,3693.9583333333335
2005-07-16T00:00:00Z,4223.208333333333
2005-07-17T00:00:00Z,4582
2005-07-18T00:00:00Z,4380.375
2005-07-19T00:00:00Z,4504.291666666667
2005-07-20T00:00:00Z,4619.041666666667
2005-07-21T00:00:00Z,4483.291666666667
2005-07-22T00:00:00Z,4421.291666666667
2005-07-23T00:00:00Z,4525.041666666667
2005-07-24T00:00:00Z,4260.916666666667
2005-07-25T00:00:00Z,4879
2005-07-26T00:00:00Z,5041.625
2005-07-27T00:00:00Z,5196.083333333333
2005-07-28T00:00:00Z,3888
2005-07-29T00:00:00Z,2992.75
2005-07-30T00:00:00Z,3644.0416666666665
2005-07-31T00:00:00Z,3433.25
2005-08-01T00:00:00Z,3720.7083333333335
2005-08-02T00:00:00Z,4088.3333333333335
2005-08-03T00:00:00Z,4364.666666666667
2005-08-04T00:00:00Z,4440
2005-08-05T00:00:00Z,4444.041666666667
2005-08-06T00:00:00Z,4261.666666666667
2005-08-07T00:00:00Z,3751.375
2005-08-08T00:00:00Z,3619.0416666666665
2005-08-09T00:00:00Z,3797.0833333333335
2005-08-10T00:00:00Z,3865.3333333333335
2005-08-11T00:00:00Z,4455.708333333333
2005-08-12T00:00:00Z,4539.708333333333
2005-08-13T00:00:00Z,4767.625
2005-08-14T00:00:00Z,4805.708333333333
2005-08-15T00:00:00Z,4497.625
2005-08-16T00:00:00Z,4419.625
2005-08-17T00:00:00Z,3687.5833333333335
2005-08-18T00:00:00Z,3201.2916666666665
2005-08-19T00:00:00Z,4062.3333333333335
2005-08-20T00:00:00Z,4501.583333333333
2005-08-21T00:00:00Z,4811.666666666667
2005-08-22T00:00:00Z,4075.0833333333335
2005-08-23T00:00:00Z,3287.3333333333335
2005-08-24T00:00:00Z,3617.7083333333335
2005-08-25T00:00:00Z,3480.0416666666665
2005-08-26T00:00:00Z,3252.0416666666665
2005-08-27T00:00:00Z,3525.5833333333335
2005-08-28T00:00:00Z,3818.2916666666665
2005-08-29T00:00:00Z,3558.7083333333335
2005-08-30T00:00:00Z,3936.0416666666665
2005-08-31T00:00:00Z,3998.3333333333335
2005-09-01T00:00:00Z,3556.625
2005-09-02T00:00:00Z,3602.4166666666665
2005-09-03T00:00:00Z,3648.2916666666665
2005-09-04T00:00:00Z,3315.7083333333335
2005-09-05T00:00:00Z,3268.9583333333335
2005-09-06T00:00:00Z,2936.25
2005-09-07T00:00:00Z,2887.5
2005-09-08T00:00:00Z,2976.3333333333335
2005-09-09T00:00:00Z,2983.625
2005-09-10T00:00:00Z,3282.625
2005-09-11T00:00:00Z,3232
2005-09-12T00:00:00Z,2978.3333333333335
2005-09-13T00:00:00Z,3216.375
2005-09-14T00:00:00Z,3489.875
2005-09-15T00:00:00Z,3789.3333333333335
2005-09-16T00:00:00Z,3459.7916666666665
2005-09-17T00:00:00Z,3653.9583333333335
2005-09-18T00:00:00Z,3734.625
2005-09-19T00:00:00Z,3467.3333333333335
2005-09-20T00:00:00Z,3531.2916666666665
2005-09-21T00:00:00Z,3369.0416666666665
2005-09-22T00:00:00Z,3195.0833333333335
2005-09-23T00:00:00Z,3607.75
2005-09-24T00:00:00Z,3070.25
2005-09-25T00:00:00Z,3143.9583333333335
2005-09-26T00:00:00Z,2980.625
2005-09-27T00:00:00Z,3073.75
2005-09-28T00:00:00Z,2815.0416666666665
2005-09-29T00:00:00Z,2624.0416666666665
2005-09-30T00:00:00Z,2298
2005-10-01T00:00:00Z,2727
2005-10-02T00:00:00Z,2940.4166666666665
2005-10-03T00:00:00Z,2638.0833333333335
2005-10-04T00:00:00Z,2678.4583333333335
2005-10-05T00:00:00Z,2651.3333333333335
2005-10-06T00:00:00Z,2775
2005-10-07T00:00:00Z,2751.625
2005-10-08T00:00:00Z,2898.75
2005-10-09T00:00:00Z,2689.9583333333335
2005-10-10T00:00:00Z,2464.3333333333335
2005-10-11T00:00:00Z,2431.375
2005-10-12T00:00:00Z,2369.4166666666665
2005-10-13T00:00:00Z,2457.5416666666665
2005-10-14T00:00:00Z,2401.5416666666665
2005-10-15T00:00:00Z,2555.375
2005-10-16T00:00:00Z,2528.4166666666665
2005-10-17T00:00:00Z,2458.7083333333335
2005-10-18T00:00:00Z,2483.625
2005-10-19T00:00:00Z,2493.375
2005-10-20T00:00:00Z,2687.4166666666665
2005-10-21T00:00:00Z,2301.3333333333335
2005-10-22T00:00:00Z,2509.7916666666665
2005-10-23T00:00:00Z,2797.9166666666665
2005-10-24T00:00:00Z,3225.2916666666665
2005-10-25T00:00:00Z,3492.375
2005-10-26T00:00:00Z,3206.75
2005-10-27T00:00:00Z,3481.0416666666665
2005-10-28T00:00:00Z,3085.625
2005-10-29T00:00:00Z,3546.0416666666665
2005-10-30T00:00:00Z,3549.125
2005-10-31T00:00:00Z,2979.5833333333335
2005-11-01T00:00:00Z,2870.5416666666665
2005-11-02T00:00:00Z,2717.0416666666665
2005-11-03T00:00:00Z,3140.0833333333335
2005-11-04T00:00:00Z,2735.6666666666665
2005-11-05T00:00:00Z,2670
2005-11-06T00:00:00Z,2612.875
2005-11-07T00:00:00Z,2473.9583333333335
2005-11-08T00:00:00Z,2635.5833333333335
2005-11-09T00:00:00Z,2422.0416666666665
2005-11-10T00:00:00Z,2537.2916666666665
2005-11-11T00:00:00Z,3559
2005-11-12T00:00:00Z,3596.0416666666665
2005-11-13T00:00:00Z,3190.0416666666665
2005-11-14T00:00:00Z,2534.75
2005-11-15T00:00:00Z,2366.7083333333335
2005-11-16T00:00:00Z,2411.9583333333335
2005-11-17T00:00:00Z,3698.625
2005-11-18T00:00:00Z,4450.375
2005-11-19T00:00:00Z,4506.291666666667
2005-11-20T00:00:00Z,3540.9583333333335
2005-11-21T00:00:00Z,3385.9583333333335
2005-11-22T00:00:00Z,3875.7083333333335
2005-11-23T00:00:00Z,4707.25
2005-11-24T00:00:00Z,3891.7083333333335
2005-11-25T00:00:00Z,4525.625
2005-11-26T00:00:00Z,4766.958333333333
2005-11-27T00:00:00Z,4733.708333333333
2005-11-28T00:00:00Z,3391.2916666666665
2005-11-29T00:00:00Z,2545.375
2005-11-30T00:00:00Z,3358.875
2005-12-01T00:00:00Z,3873
2005-12-02T00:00:00Z,4060.625
2005-12-03T00:00:00Z,4547.625
2005-12-04T00:00:00Z,3730.375
2005-12-05T00:00:00Z,4588
2005-12-06T00:00:00Z,4771.416666666667
2005-12-07T00:00:00Z,5103.416666666667
2005-12-08T00:00:00Z,5241.333333333333
2005-12-09T00:00:00Z,4775.291666666667
2005-12-10T00:00:00Z,5373.083333333333
2005-12-11T00:00:00Z,5055.375
2005-12-12T00:00:00Z,4329.666666666667
2005-12-13T00:00:00Z,4973.083333333333
2005-12-14T00:00:00Z,5773.916666666667
2005-12-15T00:00:00Z,4970.583333333333
2005-12-16T00:00:00Z,3616.6666666666665
2005-12-17T00:00:00Z,5183.333333333333
2005-12-18T00:00:00Z,4630
2005-12-19T00:00:00Z,4980.333333333333
2005-12-20T00:00:00Z,5413.666666666667
2005-12-21T00:00:00Z,5447.333333333333
2005-12-22T00:00:00Z,5423.25
2005-12-23T00:00:00Z,5094
2005-12-24T00:00:00Z,4840.375
2005-12-25T00:00:00Z,4384.333333333333
2005-12-26T00:00:00Z,4438.333333333333
2005-12-27T00:00:00Z,4552.375
2005-12-28T00:00:00Z,4281.041666666667
2005-12-29T00:00:00Z,3676.375
2005-12-30T00:00:00Z,4144.416666666667
2005-12-31T00:00:00Z,4154.458333333333
2006-01-01T00:00:00Z,4034.2916666666665
2006-01-02T00:00:00Z,4337.375
2006-01-03T00:00:00Z,3448.0416666666665
2006-01-04T00:00:00Z,3460.3333333333335
2006-01-05T00:00:00Z,3575.9583333333335
2006-01-06T00:00:00Z,4308.958333333333
2006-01-07T00:00:00Z,5275.666666666667
2006-01-08T00:00:00Z,4534.75
2006-01-09T00:00:00Z,3169.625
2006-01-10T00:00:00Z,3298.0416666666665
2006-01-11T00:00:00Z,3263.5833333333335
2006-01-12T00:00:00Z,3386.75
2006-01-13T00:00:00Z,3475
2006-01-14T00:00:00Z,4371.625
2006-01-15T00:00:00Z,4604.25
2006-01-16T00:00:00Z,4140.958333333333
2006-01-17T00:00:00Z,3522.625
2006-01-18T00:00:00Z,3665.625
2006-01-19T00:00:00Z,4090
2006-01-20T00:00:00Z,3478.875
2006-01-21T00:00:00Z,3637
2006-01-22T00:00:00Z,4269.625
2006-01-23T00:00:00Z,4254.666666666667
2006-01-24T00:00:00Z,3348.6666666666665
2006-01-25T00:00:00Z,4078.75
2006-01-26T00:00:00Z,4589.375
2006-01-27T00:00:00Z,4660.333333333333
2006-01-28T00:00:00Z,4099
2006-01-29T00:00:00Z,3575.4166666666665
2006-01-30T00:00:00Z,2963.6666666666665
2006-01-31T00:00:00Z,3618.7083333333335
2006-02-01T00:00:00Z,4367.375
2006-02-02T00:00:00Z,3938.9166666666665
2006-02-03T00:00:00Z,3027.0416666666665
2006-02-04T00:00:00Z,3551.4166666666665
2006-02-05T00:00:00Z,4592
2006-02-06T00:00:00Z,4695.291666666667
2006-02-07T00:00:00Z,4109.291666666667
2006-02-08T00:00:00Z,4685.416666666667
2006-02-09T00:00:00Z,4597.125
2006-02-10T00:00:00Z,4783
2006-02-11T00:00:00Z,4886.583333333333
2006-02-12T00:00:00Z,5009
2006-02-13T00:00:00Z,5084.916666666667
2006-02-14T00:00:00Z,4415.333333333333
2006-02-15T00:00:00Z,3625.3333333333335
2006-02-16T00:00:00Z,3206
2006-02-17T00:00:00Z,2744.7916666666665
2006-02-18T00:00:00Z,4521.625
2006-02-19T00:00:00Z,5288.291666666667
2006-02-20T00:00:00Z,4265.208333333333
2006-02-21T00:00:00Z,3474.7916666666665
2006-02-22T00:00:00Z,3718.6666666666665
2006-02-23T00:00:00Z,3354.625
2006-02-24T00:00:00Z,3561.0416666666665
2006-02-25T00:00:00Z,4064.2916666666665
2006-02-26T00:00:00Z,4330.625
2006-02-27T00:00:00Z,4565.041666666667
2006-02-28T00:00:00Z,3133.7083333333335
2006-03-01T00:00:00Z,2684.1666666666665
2006-03-02T00:00:00Z,2593.2916666666665
2006-03-03T00:00:00Z,3367
2006-03-04T00:00:00Z,4216.666666666667
2006-03-05T00:00:00Z,3896.375
2006-03-06T00:00:00Z,3566.5833333333335
2006-03-07T00:00:00Z,3402.7083333333335
2006-03-08T00:00:00Z,3673.7083333333335
2006-03-09T00:00:00Z,2817.7083333333335
2006-03-10T00:00:00Z,2374.0416666666665
2006-03-11T00:00:00Z,2567.2916666666665
2006-03-12T00:00:00Z,2606.625
2006-03-13T00:00:00Z,2496.6666666666665
2006-03-14T00:00:00Z,2436.9166666666665
2006-03-15T00:00:00Z,3022.75
2006-03-16T00:00:00Z,2901.5416666666665
2006-03-17T00:00:00Z,2810.375
2006-03-18T00:00:00Z,3507.75
2006-03-19T00:00:00Z,3749.7083333333335
2006-03-20T00:00:00Z,3993.5833333333335
2006-03-21T00:00:00Z,4207.041666666667
2006-03-22T00:00:00Z,3829.0416666666665
2006-03-23T00:00:00Z,3696.375
2006-03-24T00:00:00Z,3493.5833333333335
2006-03-25T00:00:00Z,3862.6666666666665
2006-03-26T00:00:00Z,4325.25
2006-03-27T00:00:00Z,3613.7083333333335
2006-03-28T00:00:00Z,3177
2006-03-29T00:00:00Z,2859
2006-03-30T00:00:00Z,2850.9583333333335
2006-03-31T00:00:00Z,2396.2916666666665
2006-04-01T00:00:00Z,2602
2006-04-02T00:00:00Z,2657.391304347826
2006-04-03T00:00:00Z,2382.7083333333335
2006-04-04T00:00:00Z,2473.9166666666665
2006-04-05T00:00:00Z,2610.5416666666665
2006-04-06T00:00:00Z,2649.9166666666665
2006-04-07T00:00:00Z,2411.2916666666665
2006-04-08T00:00:00Z,2455.75
2006-04-09T00:00:00Z,2790.2083333333335
2006-04-10T00:00:00Z,2930.0833333333335
2006-04-11T00:00:00Z,2642.5416666666665
2006-04-12T00:00:00Z,2365.4166666666665
2006-04-13T00:00:00Z,2473.25
2006-04-14T00:00:00Z,2559.3333333333335
2006-04-15T00:00:00Z,3261.9583333333335
2006-04-16T00:00:00Z,3304.9583333333335
2006-04-17T00:00:00Z,2461.3333333333335
2006-04-18T00:00:00Z,2528.9583333333335
2006-04-19T00:00:00Z,2344.7083333333335
2006-04-20T00:00:00Z,2544.3333333333335
2006-04-21T00:00:00Z,2343.3333333333335
2006-04-22T00:00:00Z,2474.375
2006-04-23T00:00:00Z,2584
2006-04-24T00:00:00Z,2482.5416666666665
2006-04-25T00:00:00Z,2602.375
2006-04-26T00:00:00Z,2349.25
2006-04-27T00:00:00Z,2433.6666666666665
2006-04-28T00:00:00Z,2448
2006-04-29T00:00:00Z,2575.375
2006-04-30T00:00:00Z,2597.2916666666665
2006-05-01T00:00:00Z,2553.625
2006-05-02T00:00:00Z,2490.625
2006-05-03T00:00:00Z,2321.375
2006-05-04T00:00:00Z,2627
2006-05-05T00:00:00Z,2369.5833333333335
2006-05-06T00:00:00Z,2688.0416666666665
2006-05-07T00:00:00Z,2648.0416666666665
2006-05-08T00:00:00Z,2773.625
2006-05-09T00:00:00Z,2506.5833333333335
2006-05-10T00:00:00Z,2390.1666666666665
2006-05-11T00:00:00Z,2304.2083333333335
2006-05-12T00:00:00Z,2351.7083333333335
2006-05-13T00:00:00Z,2545.0833333333335
2006-05-14T00:00:00Z,2407.9583333333335
2006-05-15T00:00:00Z,2451.0833333333335
2006-05-16T00:00:00Z,2498
2006-05-17T00:00:00Z,2434.375
2006-05-18T00:00:00Z,2305.9583333333335
2006-05-19T00:00:00Z,2354.5833333333335
2006-05-20T00:00:00Z,2587.3333333333335
2006-05-21T00:00:00Z,2782.9583333333335
2006-05-22T00:00:00Z,2458.0416666666665
2006-05-23T00:00:00Z,2453.375
2006-05-24T00:00:00Z,2513.375
2006-05-25T00:00:00Z,2859.0833333333335
2006-05-26T00:00:00Z,3145.6666666666665
2006-05-27T00:00:00Z,3380.0833333333335
2006-05-28T00:00:00Z,3524.25
2006-05-29T00:00:00Z,3857
2006-05-30T00:00:00Z,3902.6666666666665
2006-05-31T00:00:00Z,3865.6666666666665
2006-06-01T00:00:00Z,3612.9583333333335
2006-06-02T00:00:00Z,3346.6666666666665
2006-06-03T00:00:00Z,3264.5833333333335
2006-06-04T00:00:00Z,2993.6666666666665
2006-06-05T00:00:00Z,2497.9583333333335
2006-06-06T00:00:00Z,2559.3333333333335
2006-06-07T00:00:00Z,2904.375
2006-06-08T00:00:00Z,2575.625
2006-06-09T00:00:00Z,2975.0833333333335
2006-06-10T00:00:00Z,3170
2006-06-11T00:00:00Z,3140.3333333333335
2006-06-12T00:00:00Z,2872.6666666666665
2006-06-13T00:00:00Z,2925.0416666666665
2006-06-14T00:00:00Z,2685.625
2006-06-15T00:00:00Z,2978.2916666666665
2006-06-16T00:00:00Z,3188.9583333333335
2006-06-17T00:00:00Z,3608
2006-06-18T00:00:00Z,3722.6666666666665
2006-06-19T00:00:00Z,3517.5416666666665
2006-06-20T00:00:00Z,3890.7916666666665
2006-06-21T00:00:00Z,4158.25
2006-06-22T00:00:00Z,4406.375
2006-06-23T00:00:00Z,4212.416666666667
2006-06-24T00:00:00Z,3821
2006-06-25T00:00:00Z,3751.2916666666665
2006-06-26T00:00:00Z,3559.9583333333335
2006-06-27T00:00:00Z,3078.7083333333335
2006-06-28T00:00:00Z,3764.25
2006-06-29T00:00:00Z,3519.75
2006-06-30T00:00:00Z,3423.25
2006-07-01T00:00:00Z,3746.9583333333335
2006-07-02T00:00:00Z,4276.416666666667
2006-07-03T00:00:00Z,4394.958333333333
2006-07-04T00:00:00Z,4525.416666666667
2006-07-05T00:00:00Z,3744.0416666666665
2006-07-06T00:00:00Z,3196
2006-07-07T00:00:00Z,2979.875
2006-07-08T00:00:00Z,3082.75
2006-07-09T00:00:00Z,3101.4166666666665
2006-07-10T00:00:00Z,3686.7916666666665
2006-07-11T00:00:00Z,4018.625
2006-07-12T00:00:00Z,4427.708333333333
2006-07-13T00:00:00Z,4326.375
2006-07-14T00:00:00Z,3924.4583333333335
2006-07-15T00:00:00Z,3989.2916666666665
2006-07-16T00:00:00Z,4359.708333333333
2006-07-17T00:00:00Z,4420.75
2006-07-18T00:00:00Z,4494.708333333333
2006-07-19T00:00:00Z,4306.333333333333
2006-07-20T00:00:00Z,4127.791666666667
2006-07-21T00:00:00Z,4253.333333333333
2006-07-22T00:00:00Z,4303.666666666667
2006-07-23T00:00:00Z,3862.875
2006-07-24T00:00:00Z,3765.4166666666665
2006-07-25T00:00:00Z,3466.4166666666665
2006-07-26T00:00:00Z,4073.9166666666665
2006-07-27T00:00:00Z,4308.291666666667
2006-07-28T00:00:00Z,4547
2006-07-29T00:00:00Z,4232.291666666667
2006-07-30T00:00:00Z,4523.083333333333
2006-07-31T00:00:00Z,4769.625
2006-08-01T00:00:00Z,5039.291666666667
2006-08-02T00:00:00Z,5088
2006-08-03T00:00:00Z,5006.416666666667
2006-08-04T00:00:00Z,4984.708333333333
2006-08-05T00:00:00Z,4563.416666666667
2006-08-06T00:00:00Z,4391.25
2006-08-07T00:00:00Z,4654.041666666667
2006-08-08T00:00:00Z,4455.333333333333
2006-08-09T00:00:00Z,4101.333333333333
2006-08-10T00:00:00Z,4466.625
2006-08-11T00:00:00Z,3339.375
2006-08-12T00:00:00Z,3031.6666666666665
2006-08-13T00:00:00Z,3494.4583333333335
2006-08-14T00:00:00Z,3735
2006-08-15T00:00:00Z,3917.5416666666665
2006-08-16T00:00:00Z,4069
2006-08-17T00:00:00Z,3746.75
2006-08-18T00:00:00Z,3620.75
2006-08-19T00:00:00Z,4033.6666666666665
2006-08-20T00:00:00Z,4363.958333333333
2006-08-21T00:00:00Z,4044.0416666666665
2006-08-22T00:00:00Z,4057.375
2006-08-23T00:00:00Z,4180.083333333333
2006-08-24T00:00:00Z,3932.7083333333335
2006-08-25T00:00:00Z,3910
2006-08-26T00:00:00Z,4244.333333333333
2006-08-27T00:00:00Z,4306.583333333333
2006-08-28T00:00:00Z,4426.041666666667
2006-08-29T00:00:00Z,4742.708333333333
2006-08-30T00:00:00Z,3864.375
2006-08-31T00:00:00Z,3004.2916666666665
2006-09-01T00:00:00Z,2455.9583333333335
2006-09-02T00:00:00Z,3152.0416666666665
2006-09-03T00:00:00Z,3573.25
2006-09-04T00:00:00Z,2967.3333333333335
2006-09-05T00:00:00Z,2817.625
2006-09-06T00:00:00Z,3021.25
2006-09-07T00:00:00Z,2678.9583333333335
2006-09-08T00:00:00Z,2901.5833333333335
2006-09-09T00:00:00Z,3306
2006-09-10T00:00:00Z,3265.375
2006-09-11T00:00:00Z,2702.6666666666665
2006-09-12T00:00:00Z,2522.4166666666665
2006-09-13T00:00:00Z,2433.4166666666665
2006-09-14T00:00:00Z,2655.6666666666665
2006-09-15T00:00:00Z,2639.7083333333335
2006-09-16T00:00:00Z,2927.75
2006-09-17T00:00:00Z,3111.0833333333335
2006-09-18T00:00:00Z,3097.9583333333335
2006-09-19T00:00:00Z,3135.2916666666665
2006-09-20T00:00:00Z,2506.4166666666665
2006-09-21T00:00:00Z,2409.9583333333335
2006-09-22T00:00:00Z,2358.5833333333335
2006-09-23T00:00:00Z,3183.2916666666665
2006-09-24T00:00:00Z,3351.9583333333335
2006-09-25T00:00:00Z,2613.3333333333335
2006-09-26T00:00:00Z,2505
2006-09-27T00:00:00Z,2499.125
2006-09-28T00:00:00Z,2472.0416666666665
2006-09-29T00:00:00Z,2391.9583333333335
2006-09-30T00:00:00Z,2605.7083333333335
2006-10-01T00:00:00Z,2752.375
2006-10-02T00:00:00Z,2602.9166666666665
2006-10-03T00:00:00Z,2634.625
2006-10-04T00:00:00Z,2813.6666666666665
2006-10-05T00:00:00Z,2798.375
2006-10-06T00:00:00Z,2492.375
2006-10-07T00:00:00Z,3030.9583333333335
2006-10-08T00:00:00Z,2838.7083333333335
2006-10-09T00:00:00Z,2639.2916666666665
2006-10-10T00:00:00Z,2634.9583333333335
2006-10-11T00:00:00Z,2479.5833333333335
2006-10-12T00:00:00Z,2489.375
2006-10-13T00:00:00Z,2833.1666666666665
2006-10-14T00:00:00Z,3461.7083333333335
2006-10-15T00:00:00Z,3521
2006-10-16T00:00:00Z,3132
2006-10-17T00:00:00Z,2859.6666666666665
2006-10-18T00:00:00Z,2606.625
2006-10-19T00:00:00Z,2437
2006-10-20T00:00:00Z,2388.2916666666665
2006-10-21T00:00:00Z,2968.0416666666665
2006-10-22T00:00:00Z,3290.9583333333335
2006-10-23T00:00:00Z,3358.0416666666665
2006-10-24T00:00:00Z,3899.9166666666665
2006-10-25T00:00:00Z,3902.7083333333335
2006-10-26T00:00:00Z,3774.375
2006-10-27T00:00:00Z,3392.375
2006-10-28T00:00:00Z,2914.7916666666665
2006-10-29T00:00:00Z,3236.4583333333335
2006-10-30T00:00:00Z,2816.6666666666665
2006-10-31T00:00:00Z,2546.9583333333335
2006-11-01T00:00:00Z,2539.2916666666665
2006-11-02T00:00:00Z,2680.4166666666665
2006-11-03T00:00:00Z,3936.6666666666665
2006-11-04T00:00:00Z,4643.625
2006-11-05T00:00:00Z,4551.666666666667
2006-11-06T00:00:00Z,3966.9166666666665
2006-11-07T00:00:00Z,3557.2916666666665
2006-11-08T00:00:00Z,2764
2006-11-09T00:00:00Z,2614.7083333333335
2006-11-10T00:00:00Z,2687.625
2006-11-11T00:00:00Z,2563
2006-11-12T00:00:00Z,3179.9166666666665
2006-11-13T00:00:00Z,3010.4166666666665
2006-11-14T00:00:00Z,2813.5833333333335
2006-11-15T00:00:00Z,3282.6666666666665
2006-11-16T00:00:00Z,2610.4166666666665
2006-11-17T00:00:00Z,3150.3333333333335
2006-11-18T00:00:00Z,3809.3333333333335
2006-11-19T00:00:00Z,4146.791666666667
2006-11-20T00:00:00Z,4006.2916666666665
2006-11-21T00:00:00Z,4542.916666666667
2006-11-22T00:00:00Z,4631.041666666667
2006-11-23T00:00:00Z,3744.75
2006-11-24T00:00:00Z,3385.9583333333335
2006-11-25T00:00:00Z,3780.0416666666665
2006-11-26T00:00:00Z,3823.9583333333335
2006-11-27T00:00:00Z,3571
2006-11-28T00:00:00Z,3317.625
2006-11-29T00:00:00Z,2901.5833333333335
2006-11-30T00:00:00Z,2618.0416666666665
2006-12-01T00:00:00Z,2475.75
2006-12-02T00:00:00Z,3691.3333333333335
2006-12-03T00:00:00Z,4143.333333333333
2006-12-04T00:00:00Z,4331.958333333333
2006-12-05T00:00:00Z,4651.25
2006-12-06T00:00:00Z,4603.208333333333
2006-12-07T00:00:00Z,4215
2006-12-08T00:00:00Z,5783.833333333333
2006-12-09T00:00:00Z,5739.708333333333
2006-12-10T00:00:00Z,4687
2006-12-11T00:00:00Z,4028.2916666666665
2006-12-12T00:00:00Z,4229.333333333333
2006-12-13T00:00:00Z,3634.75
2006-12-14T00:00:00Z,3715.625
2006-12-15T00:00:00Z,3474.3333333333335
2006-12-16T00:00:00Z,3617.125
2006-12-17T00:00:00Z,3714.6666666666665
2006-12-18T00:00:00Z,3228
2006-12-19T00:00:00Z,3272.3333333333335
2006-12-20T00:00:00Z,4263.666666666667
2006-12-21T00:00:00Z,3828
2006-12-22T00:00:00Z,3310
2006-12-23T00:00:00Z,3097.3333333333335
2006-12-24T00:00:00Z,3967.3333333333335
2006-12-25T00:00:00Z,4318.583333333333
2006-12-26T00:00:00Z,3874.9583333333335
2006-12-27T00:00:00Z,4266.333333333333
2006-12-28T00:00:00Z,4509.625
2006-12-29T00:00:00Z,4171.916666666667
2006-12-30T00:00:00Z,3838
2006-12-31T00:00:00Z,3569.0833333333335
2007-01-01T00:00:00Z,3354.5833333333335
2007-01-02T00:00:00Z,3882
2007-01-03T00:00:00Z,4328.625
2007-01-04T00:00:00Z,3209.375
2007-01-05T00:00:00Z,2603.1666666666665
2007-01-06T00:00:00Z,2709.3333333333335
2007-01-07T00:00:00Z,3499.6666666666665
2007-01-08T00:00:00Z,3395.375
2007-01-09T00:00:00Z,4639.291666666667
2007-01-10T00:00:00Z,4763.958333333333
2007-01-11T00:00:00Z,5077.708333333333
2007-01-12T00:00:00Z,3750.0416666666665
2007-01-13T00:00:00Z,3170.6666666666665
2007-01-14T00:00:00Z,2822.9583333333335
2007-01-15T00:00:00Z,2762.3333333333335
2007-01-16T00:00:00Z,3263.0416666666665
2007-01-17T00:00:00Z,4839
2007-01-18T00:00:00Z,5512.625
2007-01-19T00:00:00Z,4354.25
2007-01-20T00:00:00Z,4786.25
2007-01-21T00:00:00Z,5326.416666666667
2007-01-22T00:00:00Z,4701.708333333333
2007-01-23T00:00:00Z,4231.041666666667
2007-01-24T00:00:00Z,4645.291666666667
2007-01-25T00:00:00Z,4925.666666666667
2007-01-26T00:00:00Z,5000.333333333333
2007-01-27T00:00:00Z,4107.333333333333
2007-01-28T00:00:00Z,4116.291666666667
2007-01-29T00:00:00Z,5969.083333333333
2007-01-30T00:00:00Z,5013.708333333333
2007-01-31T00:00:00Z,5314.666666666667
2007-02-01T00:00:00Z,5440.541666666667
2007-02-02T00:00:00Z,4827.375
2007-02-03T00:00:00Z,5210.666666666667
2007-02-04T00:00:00Z,5442.041666666667
2007-02-05T00:00:00Z,5835.75
2007-02-06T00:00:00Z,6151.625
2007-02-07T00:00:00Z,4403.625
2007-02-08T00:00:00Z,4793.041666666667
2007-02-09T00:00:00Z,5461.375
2007-02-10T00:00:00Z,5126.791666666667
2007-02-11T00:00:00Z,5415.958333333333
2007-02-12T00:00:00Z,4513.041666666667
2007-02-13T00:00:00Z,4715.708333333333
2007-02-14T00:00:00Z,4901.416666666667
2007-02-15T00:00:00Z,5703.958333333333
2007-02-16T00:00:00Z,5559.416666666667
2007-02-17T00:00:00Z,5940.125
2007-02-18T00:00:00Z,5352.416666666667
2007-02-19T00:00:00Z,5287.708333333333
2007-02-20T00:00:00Z,3805.2916666666665
2007-02-21T00:00:00Z,2913
2007-02-22T00:00:00Z,3109.6666666666665
2007-02-23T00:00:00Z,3843.6666666666665
2007-02-24T00:00:00Z,4216.333333333333
2007-02-25T00:00:00Z,4547.583333333333
2007-02-26T00:00:00Z,3867.6666666666665
2007-02-27T00:00:00Z,3670.3333333333335
2007-02-28T00:00:00Z,3585.6666666666665
2007-03-01T00:00:00Z,3662.3333333333335
2007-03-02T00:00:00Z,2750.0416666666665
2007-03-03T00:00:00Z,3535.375
2007-03-04T00:00:00Z,4299.041666666667
2007-03-05T00:00:00Z,3988.75
2007-03-06T00:00:00Z,3452.3333333333335
2007-03-07T00:00:00Z,3318.5416666666665
2007-03-08T00:00:00Z,3500.0833333333335
2007-03-09T00:00:00Z,3694.7083333333335
2007-03-10T00:00:00Z,3134.7083333333335
2007-03-11T00:00:00Z,2790.304347826087
2007-03-12T00:00:00Z,3052.2916666666665
2007-03-13T00:00:00Z,2912.9583333333335
2007-03-14T00:00:00Z,2396.7083333333335
2007-03-15T00:00:00Z,2398.7083333333335
2007-03-16T00:00:00Z,3409.3333333333335
2007-03-17T00:00:00Z,4413.583333333333
2007-03-18T00:00:00Z,4489.333333333333
2007-03-19T00:00:00Z,3999.6666666666665
2007-03-20T00:00:00Z,2697.5833333333335
2007-03-21T00:00:00Z,2793.0833333333335
2007-03-22T00:00:00Z,2805.9583333333335
2007-03-23T00:00:00Z,2474.25
2007-03-24T00:00:00Z,2620.375
2007-03-25T00:00:00Z,2808
2007-03-26T00:00:00Z,2413
2007-03-27T00:00:00Z,2611.75
2007-03-28T00:00:00Z,2613.3333333333335
2007-03-29T00:00:00Z,2624.25
2007-03-30T00:00:00Z,2954.9583333333335
2007-03-31T00:00:00Z,2571.2916666666665
2007-04-01T00:00:00Z,2445.0833333333335
2007-04-02T00:00:00Z,2592.6666666666665
2007-04-03T00:00:00Z,2534.2083333333335
2007-04-04T00:00:00Z,2487.0833333333335
2007-04-05T00:00:00Z,2715.5833333333335
2007-04-06T00:00:00Z,3514.25
2007-04-07T00:00:00Z,4221.958333333333
2007-04-08T00:00:00Z,4151
2007-04-09T00:00:00Z,3651.375
2007-04-10T00:00:00Z,3224.375
2007-04-11T00:00:00Z,3511.9583333333335
2007-04-12T00:00:00Z,2799.5833333333335
2007-04-13T00:00:00Z,2674.625
2007-04-14T00:00:00Z,2717.0416666666665
2007-04-15T00:00:00Z,3125.75
2007-04-16T00:00:00Z,3271.625
2007-04-17T00:00:00Z,2817
2007-04-18T00:00:00Z,2473
2007-04-19T00:00:00Z,2680.4166666666665
2007-04-20T00:00:00Z,2708.4166666666665
2007-04-21T00:00:00Z,2777.75
2007-04-22T00:00:00Z,2809.625
2007-04-23T00:00:00Z,2594.375
2007-04-24T00:00:00Z,2680.9583333333335
2007-04-25T00:00:00Z,2868.6666666666665
2007-04-26T00:00:00Z,2713.7083333333335
2007-04-27T00:00:00Z,2560.75
2007-04-28T00:00:00Z,2498.6666666666665
2007-04-29T00:00:00Z,2704.7083333333335
2007-04-30T00:00:00Z,2807.0416666666665
2007-05-01T00:00:00Z,3168.4583333333335
2007-05-02T00:00:00Z,3279.7083333333335
2007-05-03T00:00:00Z,2412.625
2007-05-04T00:00:00Z,2564.9583333333335
2007-05-05T00:00:00Z,2590
2007-05-06T00:00:00Z,2546.25
2007-05-07T00:00:00Z,2697.9583333333335
2007-05-08T00:00:00Z,2565.4166666666665
2007-05-09T00:00:00Z,2471.4166666666665
2007-05-10T00:00:00Z,2786.25
2007-05-11T00:00:00Z,2973.5833333333335
2007-05-12T00:00:00Z,3217.75
2007-05-13T00:00:00Z,2773.6666666666665
2007-05-14T00:00:00Z,2515.3333333333335
2007-05-15T00:00:00Z,2730
2007-05-16T00:00:00Z,2754.7083333333335
2007-05-17T00:00:00Z,2423.75
2007-05-18T00:00:00Z,2250.625
2007-05-19T00:00:00Z,2584.5833333333335
2007-05-20T00:00:00Z,2782.75
2007-05-21T00:00:00Z,2971.125
2007-05-22T00:00:00Z,2835
2007-05-23T00:00:00Z,2795.6666666666665
2007-05-24T00:00:00Z,2835.25
2007-05-25T00:00:00Z,3025.0416666666665
2007-05-26T00:00:00Z,3318.6666666666665
2007-05-27T00:00:00Z,3545.75
2007-05-28T00:00:00Z,3678.3333333333335
2007-05-29T00:00:00Z,3506.9166666666665
2007-05-30T00:00:00Z,3585.2916666666665
2007-05-31T00:00:00Z,3575.6666666666665
2007-06-01T00:00:00Z,3610.5833333333335
2007-06-02T00:00:00Z,3335.375
2007-06-03T00:00:00Z,2591.625
2007-06-04T00:00:00Z,3114.3333333333335
2007-06-05T00:00:00Z,3282.5833333333335
2007-06-06T00:00:00Z,3075.9583333333335
2007-06-07T00:00:00Z,3553.7083333333335
2007-06-08T00:00:00Z,4022.25
2007-06-09T00:00:00Z,4152
2007-06-10T00:00:00Z,3807.75
2007-06-11T00:00:00Z,2950.5416666666665
2007-06-12T00:00:00Z,3128
2007-06-13T00:00:00Z,2962.2916666666665
2007-06-14T00:00:00Z,2393.6666666666665
2007-06-15T00:00:00Z,2264.9166666666665
2007-06-16T00:00:00Z,2798.6666666666665
2007-06-17T00:00:00Z,3529
2007-06-18T00:00:00Z,4003.75
2007-06-19T00:00:00Z,4209.5
2007-06-20T00:00:00Z,3560.5833333333335
2007-06-21T00:00:00Z,3354.9583333333335
2007-06-22T00:00:00Z,3286.0416666666665
2007-06-23T00:00:00Z,3452.0416666666665
2007-06-24T00:00:00Z,3663.0416666666665
2007-06-25T00:00:00Z,3857
2007-06-26T00:00:00Z,4159.75
2007-06-27T00:00:00Z,4287.666666666667
2007-06-28T00:00:00Z,4037.375
2007-06-29T00:00:00Z,3856
2007-06-30T00:00:00Z,3479
2007-07-01T00:00:00Z,3455.125
2007-07-02T00:00:00Z,3171.25
2007-07-03T00:00:00Z,3265.2916666666665
2007-07-04T00:00:00Z,3701.4166666666665
2007-07-05T00:00:00Z,3768.0416666666665
2007-07-06T00:00:00Z,3838.3333333333335
2007-07-07T00:00:00Z,4011.9583333333335
2007-07-08T00:00:00Z,4490.416666666667
2007-07-09T00:00:00Z,4695.333333333333
2007-07-10T00:00:00Z,4111.666666666667
2007-07-11T00:00:00Z,3758.5833333333335
2007-07-12T00:00:00Z,3747.375
2007-07-13T00:00:00Z,2865.9166666666665
2007-07-14T00:00:00Z,3392.5833333333335
2007-07-15T00:00:00Z,3939.2916666666665
2007-07-16T00:00:00Z,3809.375
2007-07-17T00:00:00Z,3686.25
2007-07-18T00:00:00Z,4132
2007-07-19T00:00:00Z,4499.416666666667
2007-07-20T00:00:00Z,3613
2007-07-21T00:00:00Z,3381.4166666666665
2007-07-22T00:00:00Z,3164.25
2007-07-23T00:00:00Z,3308.7083333333335
2007-07-24T00:00:00Z,2795.2916666666665
2007-07-25T00:00:00Z,3091.0833333333335
2007-07-26T00:00:00Z,3612.75
2007-07-27T00:00:00Z,3713.7083333333335
2007-07-28T00:00:00Z,3720.6666666666665
2007-07-29T00:00:00Z,3755.75
2007-07-30T00:00:00Z,3566
2007-07-31T00:00:00Z,3948
2007-08-01T00:00:00Z,4122.916666666667
2007-08-02T00:00:00Z,4091.625
2007-08-03T00:00:00Z,4062.7083333333335
2007-08-04T00:00:00Z,4460.75
2007-08-05T00:00:00Z,4405.708333333333
2007-08-06T00:00:00Z,4707.958333333333
2007-08-07T00:00:00Z,4893.75
2007-08-08T00:00:00Z,5252.666666666667
2007-08-09T00:00:00Z,5441.333333333333
2007-08-10T00:00:00Z,5214.083333333333
2007-08-11T00:00:00Z,4609
2007-08-12T00:00:00Z,4642.666666666667
2007-08-13T00:00:00Z,4606.583333333333
2007-08-14T00:00:00Z,4139.583333333333
2007-08-15T00:00:00Z,4190.25
2007-08-16T00:00:00Z,4838.708333333333
2007-08-17T00:00:00Z,4647.375
2007-08-18T00:00:00Z,4040.625
2007-08-19T00:00:00Z,4252.416666666667
2007-08-20T00:00:00Z,4838.041666666667
2007-08-21T00:00:00Z,4482.708333333333
2007-08-22T00:00:00Z,3955.4166666666665
2007-08-23T00:00:00Z,4045.4166666666665
2007-08-24T00:00:00Z,4505.708333333333
2007-08-25T00:00:00Z,5088
2007-08-26T00:00:00Z,4354.375
2007-08-27T00:00:00Z,4113.25
2007-08-28T00:00:00Z,4362.583333333333
2007-08-29T00:00:00Z,4478.125
2007-08-30T00:00:00Z,4060.6666666666665
2007-08-31T00:00:00Z,3955.375
2007-09-01T00:00:00Z,3187.0416666666665
2007-09-02T00:00:00Z,3444
2007-09-03T00:00:00Z,3801.9583333333335
2007-09-04T00:00:00Z,3858.375
2007-09-05T00:00:00Z,3967.3333333333335
2007-09-06T00:00:00Z,4076.0416666666665
2007-09-07T00:00:00Z,4088.5833333333335
2007-09-08T00:00:00Z,4241.416666666667
2007-09-09T00:00:00Z,4134.041666666667
2007-09-10T00:00:00Z,3962.9583333333335
2007-09-11T00:00:00Z,3838
2007-09-12T00:00:00Z,3462.0416666666665
2007-09-13T00:00:00Z,3137.0833333333335
2007-09-14T00:00:00Z,2790.6666666666665
2007-09-15T00:00:00Z,2933.4583333333335
2007-09-16T00:00:00Z,2565.7916666666665
2007-09-17T00:00:00Z,2475.6666666666665
2007-09-18T00:00:00Z,2499.0833333333335
2007-09-19T00:00:00Z,2602.25
2007-09-20T00:00:00Z,2752.6666666666665
2007-09-21T00:00:00Z,2515.3333333333335
2007-09-22T00:00:00Z,3567.0833333333335
2007-09-23T00:00:00Z,3928.375
2007-09-24T00:00:00Z,3476
2007-09-25T00:00:00Z,3479.9583333333335
2007-09-26T00:00:00Z,3469.625
2007-09-27T00:00:00Z,3360.7083333333335
2007-09-28T00:00:00Z,2977.0833333333335
2007-09-29T00:00:00Z,2645.625
2007-09-30T00:00:00Z,2713.5416666666665
2007-10-01T00:00:00Z,2638.3333333333335
2007-10-02T00:00:00Z,2668.0416666666665
2007-10-03T00:00:00Z,3078.375
2007-10-04T00:00:00Z,3287.3333333333335
2007-10-05T00:00:00Z,3224.375
2007-10-06T00:00:00Z,3378.2916666666665
2007-10-07T00:00:00Z,3545
2007-10-08T00:00:00Z,3530.625
2007-10-09T00:00:00Z,3546
2007-10-10T00:00:00Z,3156.4166666666665
2007-10-11T00:00:00Z,2420.6666666666665
2007-10-12T00:00:00Z,2546
2007-10-13T00:00:00Z,2763.3333333333335
2007-10-14T00:00:00Z,2766.0416666666665
2007-10-15T00:00:00Z,2557.9583333333335
2007-10-16T00:00:00Z,2444.625
2007-10-17T00:00:00Z,2561.375
2007-10-18T00:00:00Z,2671.3333333333335
2007-10-19T00:00:00Z,2686.75
2007-10-20T00:00:00Z,2627.7083333333335
2007-10-21T00:00:00Z,2720.9583333333335
2007-10-22T00:00:00Z,2543
2007-10-23T00:00:00Z,2593.0416666666665
2007-10-24T00:00:00Z,2676.4166666666665
2007-10-25T00:00:00Z,2529.0833333333335
2007-10-26T00:00:00Z,2628.6666666666665
2007-10-27T00:00:00Z,2601.625
2007-10-28T00:00:00Z,2842.3333333333335
2007-10-29T00:00:00Z,3326.5833333333335
2007-10-30T00:00:00Z,3532.2916666666665
2007-10-31T00:00:00Z,3295
2007-11-01T00:00:00Z,2686.375
2007-11-02T00:00:00Z,2880.0416666666665
2007-11-03T00:00:00Z,3396.5833333333335
2007-11-04T00:00:00Z,3407.625
2007-11-05T00:00:00Z,3260.375
2007-11-06T00:00:00Z,3081.7083333333335
2007-11-07T00:00:00Z,4010.4583333333335
2007-11-08T00:00:00Z,4326.916666666667
2007-11-09T00:00:00Z,3598.0833333333335
2007-11-10T00:00:00Z,3665.4166666666665
2007-11-11T00:00:00Z,4092
2007-11-12T00:00:00Z,3329.0833333333335
2007-11-13T00:00:00Z,2781.2083333333335
2007-11-14T00:00:00Z,2601.0416666666665
2007-11-15T00:00:00Z,3030
2007-11-16T00:00:00Z,3854.7083333333335
2007-11-17T00:00:00Z,4205.25
2007-11-18T00:00:00Z,3623.3333333333335
2007-11-19T00:00:00Z,3016.7083333333335
2007-11-20T00:00:00Z,3040.7083333333335
2007-11-21T00:00:00Z,3022.25
2007-11-22T00:00:00Z,2976.0416666666665
2007-11-23T00:00:00Z,3869.6666666666665
2007-11-24T00:00:00Z,4812.958333333333
2007-11-25T00:00:00Z,4060.6666666666665
2007-11-26T00:00:00Z,3546.2083333333335
2007-11-27T00:00:00Z,3073.0416666666665
2007-11-28T00:00:00Z,4027.9583333333335
2007-11-29T00:00:00Z,3946.9583333333335
2007-11-30T00:00:00Z,3886.25
2007-12-01T00:00:00Z,4279.041666666667
2007-12-02T00:00:00Z,4179.958333333333
2007-12-03T00:00:00Z,3686.0416666666665
2007-12-04T00:00:00Z,4718.5
2007-12-05T00:00:00Z,4277.083333333333
2007-12-06T00:00:00Z,4912.958333333333
2007-12-07T00:00:00Z,4912.541666666667
2007-12-08T00:00:00Z,3688.6666666666665
2007-12-09T00:00:00Z,2984.5833333333335
2007-12-10T00:00:00Z,2679.625
2007-12-11T00:00:00Z,2589
2007-12-12T00:00:00Z,2575.3333333333335
2007-12-13T00:00:00Z,2766.25
2007-12-14T00:00:00Z,3147.6666666666665
2007-12-15T00:00:00Z,4800.583333333333
2007-12-16T00:00:00Z,4929.75
2007-12-17T00:00:00Z,5143.333333333333
2007-12-18T00:00:00Z,5482.041666666667
2007-12-19T00:00:00Z,4577.75
2007-12-20T00:00:00Z,4414.666666666667
2007-12-21T00:00:00Z,4496
2007-12-22T00:00:00Z,4461.833333333333
2007-12-23T00:00:00Z,3941.7083333333335
2007-12-24T00:00:00Z,4520.666666666667
2007-12-25T00:00:00Z,4559.625
2007-12-26T00:00:00Z,4493
2007-12-27T00:00:00Z,4145
2007-12-28T00:00:00Z,4146.958333333333
2007-12-29T00:00:00Z,3621.6666666666665
2007-12-30T00:00:00Z,3865.375
2007-12-31T00:00:00Z,4127.416666666667
2008-01-01T00:00:00Z,4835.291666666667
2008-01-02T00:00:00Z,6324.416666666667
2008-01-03T00:00:00Z,6426.625
2008-01-04T00:00:00Z,6124.041666666667
2008-01-05T00:00:00Z,5211.333333333333
2008-01-06T00:00:00Z,3789.625
2008-01-07T00:00:00Z,3220.9166666666665
2008-01-08T00:00:00Z,3026.625
2008-01-09T00:00:00Z,2677
2008-01-10T00:00:00Z,3920.2083333333335
2008-01-11T00:00:00Z,3271.125
2008-01-12T00:00:00Z,4084.7083333333335
2008-01-13T00:00:00Z,4541
2008-01-14T00:00:00Z,4827
2008-01-15T00:00:00Z,5417.208333333333
2008-01-16T00:00:00Z,5525.75
2008-01-17T00:00:00Z,5571.666666666667
2008-01-18T00:00:00Z,5054.375
2008-01-19T00:00:00Z,5010.75
2008-01-20T00:00:00Z,6085.375
2008-01-21T00:00:00Z,6792.25
2008-01-22T00:00:00Z,5721.291666666667
2008-01-23T00:00:00Z,4586.041666666667
2008-01-24T00:00:00Z,5211.375
2008-01-25T00:00:00Z,5946.333333333333
2008-01-26T00:00:00Z,5075
2008-01-27T00:00:00Z,4817.5
2008-01-28T00:00:00Z,4534.666666666667
2008-01-29T00:00:00Z,3609.3333333333335
2008-01-30T00:00:00Z,3815.9583333333335
2008-01-31T00:00:00Z,4872.541666666667
2008-02-01T00:00:00Z,4978.083333333333
2008-02-02T00:00:00Z,4496.708333333333
2008-02-03T00:00:00Z,4062
2008-02-04T00:00:00Z,3433.0833333333335
2008-02-05T00:00:00Z,2938.9583333333335
2008-02-06T00:00:00Z,2551.25
2008-02-07T00:00:00Z,3046.6666666666665
2008-02-08T00:00:00Z,3733.3333333333335
2008-02-09T00:00:00Z,3622.3333333333335
2008-02-10T00:00:00Z,3937.6666666666665
2008-02-11T00:00:00Z,4807.333333333333
2008-02-12T00:00:00Z,5149.333333333333
2008-02-13T00:00:00Z,4872.041666666667
2008-02-14T00:00:00Z,4939.666666666667
2008-02-15T00:00:00Z,3997.9583333333335
2008-02-16T00:00:00Z,3538.375
2008-02-17T00:00:00Z,3856
2008-02-18T00:00:00Z,2895.625
2008-02-19T00:00:00Z,4124.666666666667
2008-02-20T00:00:00Z,4001.4583333333335
2008-02-21T00:00:00Z,4518.708333333333
2008-02-22T00:00:00Z,4673.416666666667
2008-02-23T00:00:00Z,3711.5833333333335
2008-02-24T00:00:00Z,4637.291666666667
2008-02-25T00:00:00Z,3571
2008-02-26T00:00:00Z,3606.6666666666665
2008-02-27T00:00:00Z,4659.375
2008-02-28T00:00:00Z,5199.625
2008-02-29T00:00:00Z,4612.708333333333
2008-03-01T00:00:00Z,3462.875
2008-03-02T00:00:00Z,3610.9583333333335
2008-03-03T00:00:00Z,3049.375
2008-03-04T00:00:00Z,2484.7083333333335
2008-03-05T00:00:00Z,2931
2008-03-06T00:00:00Z,3426.9583333333335
2008-03-07T00:00:00Z,3673.9583333333335
2008-03-08T00:00:00Z,3979.7083333333335
2008-03-09T00:00:00Z,4509.304347826087
2008-03-10T00:00:00Z,3862.9583333333335
2008-03-11T00:00:00Z,3167
2008-03-12T00:00:00Z,3139.0416666666665
2008-03-13T00:00:00Z,3095.25
2008-03-14T00:00:00Z,2574.2916666666665
2008-03-15T00:00:00Z,2879.9166666666665
2008-03-16T00:00:00Z,3057.9583333333335
2008-03-17T00:00:00Z,3491.3333333333335
2008-03-18T00:00:00Z,3626.3333333333335
2008-03-19T00:00:00Z,2700.9583333333335
2008-03-20T00:00:00Z,2819.3333333333335
2008-03-21T00:00:00Z,3278.9583333333335
2008-03-22T00:00:00Z,2908.6666666666665
2008-03-23T00:00:00Z,3135.9583333333335
2008-03-24T00:00:00Z,3838.2916666666665
2008-03-25T00:00:00Z,3943.75
2008-03-26T00:00:00Z,3026.0833333333335
2008-03-27T00:00:00Z,2571.9583333333335
2008-03-28T00:00:00Z,2310.625
2008-03-29T00:00:00Z,3185
2008-03-30T00:00:00Z,4085.6666666666665
2008-03-31T00:00:00Z,3792
2008-04-01T00:00:00Z,2815.7083333333335
2008-04-02T00:00:00Z,2482.7083333333335
2008-04-03T00:00:00Z,3424.0416666666665
2008-04-04T00:00:00Z,3369.625
2008-04-05T00:00:00Z,2886.2916666666665
2008-04-06T00:00:00Z,3251.9166666666665
2008-04-07T00:00:00Z,3174.2916666666665
2008-04-08T00:00:00Z,2882.0416666666665
2008-04-09T00:00:00Z,2595.125
2008-04-10T00:00:00Z,2472.375
2008-04-11T00:00:00Z,2372
2008-04-12T00:00:00Z,2534.5833333333335
2008-04-13T00:00:00Z,2723.7083333333335
2008-04-14T00:00:00Z,3607.9583333333335
2008-04-15T00:00:00Z,3186.5833333333335
2008-04-16T00:00:00Z,3185.6666666666665
2008-04-17T00:00:00Z,2826.625
2008-04-18T00:00:00Z,2550.25
2008-04-19T00:00:00Z,2400.0833333333335
2008-04-20T00:00:00Z,2523
2008-04-21T00:00:00Z,2538.375
2008-04-22T00:00:00Z,2463.375
2008-04-23T00:00:00Z,2382.9166666666665
2008-04-24T00:00:00Z,2516.0416666666665
2008-04-25T00:00:00Z,2516.9583333333335
2008-04-26T00:00:00Z,2783.2916666666665
2008-04-27T00:00:00Z,2576.9583333333335
2008-04-28T00:00:00Z,2342.2916666666665
2008-04-29T00:00:00Z,2578.0416666666665
2008-04-30T00:00:00Z,2916.6666666666665
2008-05-01T00:00:00Z,2592.2916666666665
2008-05-02T00:00:00Z,2477.25
2008-05-03T00:00:00Z,2664.3333333333335
2008-05-04T00:00:00Z,2766.6666666666665
2008-05-05T00:00:00Z,2428.25
2008-05-06T00:00:00Z,2477.7083333333335
2008-05-07T00:00:00Z,2575.25
2008-05-08T00:00:00Z,2541.0833333333335
2008-05-09T00:00:00Z,2679.625
2008-05-10T00:00:00Z,2713.0833333333335
2008-05-11T00:00:00Z,2485.625
2008-05-12T00:00:00Z,2486.0416666666665
2008-05-13T00:00:00Z,2461.0833333333335
2008-05-14T00:00:00Z,2356.5833333333335
2008-05-15T00:00:00Z,2341
2008-05-16T00:00:00Z,2407.2916666666665
2008-05-17T00:00:00Z,2529.2916666666665
2008-05-18T00:00:00Z,2443
2008-05-19T00:00:00Z,2428
2008-05-20T00:00:00Z,2436.0833333333335
2008-05-21T00:00:00Z,2397.2083333333335
2008-05-22T00:00:00Z,2477.0416666666665
2008-05-23T00:00:00Z,2410.9583333333335
2008-05-24T00:00:00Z,2620.3333333333335
2008-05-25T00:00:00Z,2648.3333333333335
2008-05-26T00:00:00Z,2982
2008-05-27T00:00:00Z,3114.0416666666665
2008-05-28T00:00:00Z,2424.3333333333335
2008-05-29T00:00:00Z,2565.625
2008-05-30T00:00:00Z,3016
2008-05-31T00:00:00Z,3586.2916666666665
2008-06-01T00:00:00Z,3459.7083333333335
2008-06-02T00:00:00Z,3172.25
2008-06-03T00:00:00Z,2938.7916666666665
2008-06-04T00:00:00Z,3793.4166666666665
2008-06-05T00:00:00Z,4190.083333333333
2008-06-06T00:00:00Z,4531.541666666667
2008-06-07T00:00:00Z,4783.375
2008-06-08T00:00:00Z,4974.916666666667
2008-06-09T00:00:00Z,4808.041666666667
2008-06-10T00:00:00Z,4618.666666666667
2008-06-11T00:00:00Z,4284.416666666667
2008-06-12T00:00:00Z,3851.2916666666665
2008-06-13T00:00:00Z,4024.7083333333335
2008-06-14T00:00:00Z,3909.9583333333335
2008-06-15T00:00:00Z,3917.25
2008-06-16T00:00:00Z,3911.3333333333335
2008-06-17T00:00:00Z,3583.2916666666665
2008-06-18T00:00:00Z,2970.6666666666665
2008-06-19T00:00:00Z,3019.3333333333335
2008-06-20T00:00:00Z,3106
2008-06-21T00:00:00Z,3467.25
2008-06-22T00:00:00Z,3475.7083333333335
2008-06-23T00:00:00Z,3493.375
2008-06-24T00:00:00Z,3538.4583333333335
2008-06-25T00:00:00Z,3797
2008-06-26T00:00:00Z,3809.5833333333335
2008-06-27T00:00:00Z,3859.7083333333335
2008-06-28T00:00:00Z,4150.666666666667
2008-06-29T00:00:00Z,3752.4583333333335
2008-06-30T00:00:00Z,3505.2083333333335
2008-07-01T00:00:00Z,2840.625
2008-07-02T00:00:00Z,3120.4583333333335
2008-07-03T00:00:00Z,3389.9583333333335
2008-07-04T00:00:00Z,3517.9583333333335
2008-07-05T00:00:00Z,3315.375
2008-07-06T00:00:00Z,3583.6666666666665
2008-07-07T00:00:00Z,3804.9583333333335
2008-07-08T00:00:00Z,3573.125
2008-07-09T00:00:00Z,3572.875
2008-07-10T00:00:00Z,3400.6666666666665
2008-07-11T00:00:00Z,3960.0833333333335
2008-07-12T00:00:00Z,4368.666666666667
2008-07-13T00:00:00Z,4226.416666666667
2008-07-14T00:00:00Z,3913.9583333333335
2008-07-15T00:00:00Z,3723.2916666666665
2008-07-16T00:00:00Z,3697
2008-07-17T00:00:00Z,3776.5833333333335
2008-07-18T00:00:00Z,3918.1666666666665
2008-07-19T00:00:00Z,4080.9583333333335
2008-07-20T00:00:00Z,4645
2008-07-21T00:00:00Z,4784.375
2008-07-22T00:00:00Z,4609.25
2008-07-23T00:00:00Z,3879.0833333333335
2008-07-24T00:00:00Z,3504.0416666666665
2008-07-25T00:00:00Z,3316.75
2008-07-26T00:00:00Z,3947.625
2008-07-27T00:00:00Z,4449.333333333333
2008-07-28T00:00:00Z,4140.416666666667
2008-07-29T00:00:00Z,4504.333333333333
2008-07-30T00:00:00Z,4512.625
2008-07-31T00:00:00Z,3938.2916666666665
2008-08-01T00:00:00Z,4197.125
2008-08-02T00:00:00Z,3780.7083333333335
2008-08-03T00:00:00Z,4082.9583333333335
2008-08-04T00:00:00Z,4027.6666666666665
2008-08-05T00:00:00Z,4072.3333333333335
2008-08-06T00:00:00Z,4152.375
2008-08-07T00:00:00Z,3885
2008-08-08T00:00:00Z,3563
2008-08-09T00:00:00Z,3370.0416666666665
2008-08-10T00:00:00Z,3748.7083333333335
2008-08-11T00:00:00Z,3290.6666666666665
2008-08-12T00:00:00Z,3128.3333333333335
2008-08-13T00:00:00Z,2706
2008-08-14T00:00:00Z,2905.7083333333335
2008-08-15T00:00:00Z,3064.3333333333335
2008-08-16T00:00:00Z,3466.2916666666665
2008-08-17T00:00:00Z,3175.75
2008-08-18T00:00:00Z,3531.375
2008-08-19T00:00:00Z,3788
2008-08-20T00:00:00Z,3630.3333333333335
2008-08-21T00:00:00Z,3566.0416666666665
2008-08-22T00:00:00Z,3243.6666666666665
2008-08-23T00:00:00Z,3447.375
2008-08-24T00:00:00Z,3721.0416666666665
2008-08-25T00:00:00Z,3604.0416666666665
2008-08-26T00:00:00Z,2805.6666666666665
2008-08-27T00:00:00Z,2571.625
2008-08-28T00:00:00Z,2601.3333333333335
2008-08-29T00:00:00Z,3356.375
2008-08-30T00:00:00Z,3888.375
2008-08-31T00:00:00Z,3897.4166666666665
2008-09-01T00:00:00Z,3836.375
2008-09-02T00:00:00Z,3446.625
2008-09-03T00:00:00Z,3518.4583333333335
2008-09-04T00:00:00Z,3565.9166666666665
2008-09-05T00:00:00Z,3115.375
2008-09-06T00:00:00Z,3740.0416666666665
2008-09-07T00:00:00Z,3854.0833333333335
2008-09-08T00:00:00Z,3807.7916666666665
2008-09-09T00:00:00Z,3394.2916666666665
2008-09-10T00:00:00Z,2704.9583333333335
2008-09-11T00:00:00Z,2537
2008-09-12T00:00:00Z,3051.3333333333335
2008-09-13T00:00:00Z,4153.916666666667
2008-09-14T00:00:00Z,4268.041666666667
2008-09-15T00:00:00Z,3732
2008-09-16T00:00:00Z,2565
2008-09-17T00:00:00Z,2668.2916666666665
2008-09-18T00:00:00Z,2752.7083333333335
2008-09-19T00:00:00Z,2415
2008-09-20T00:00:00Z,2532
2008-09-21T00:00:00Z,2613.25
2008-09-22T00:00:00Z,2708.3333333333335
2008-09-23T00:00:00Z,2447.7083333333335
2008-09-24T00:00:00Z,2388.9583333333335
2008-09-25T00:00:00Z,2403.0416666666665
2008-09-26T00:00:00Z,2393.7916666666665
2008-09-27T00:00:00Z,2545
2008-09-28T00:00:00Z,2907.7083333333335
2008-09-29T00:00:00Z,2788.3333333333335
2008-09-30T00:00:00Z,2596.375
2008-10-01T00:00:00Z,2414.3333333333335
2008-10-02T00:00:00Z,2514.7083333333335
2008-10-03T00:00:00Z,2529.3333333333335
2008-10-04T00:00:00Z,2661.375
2008-10-05T00:00:00Z,2822.9166666666665
2008-10-06T00:00:00Z,2625.3333333333335
2008-10-07T00:00:00Z,2449.0416666666665
2008-10-08T00:00:00Z,2418.25
2008-10-09T00:00:00Z,2469
2008-10-10T00:00:00Z,2452.7083333333335
2008-10-11T00:00:00Z,2611.9166666666665
2008-10-12T00:00:00Z,2715
2008-10-13T00:00:00Z,2647.0416666666665
2008-10-14T00:00:00Z,2634.9583333333335
2008-10-15T00:00:00Z,2731.2916666666665
2008-10-16T00:00:00Z,2748.625
2008-10-17T00:00:00Z,2579.4166666666665
2008-10-18T00:00:00Z,2880.375
2008-10-19T00:00:00Z,3342
2008-10-20T00:00:00Z,3437.4166666666665
2008-10-21T00:00:00Z,2965.625
2008-10-22T00:00:00Z,3370.3333333333335
2008-10-23T00:00:00Z,3656
2008-10-24T00:00:00Z,3312.2083333333335
2008-10-25T00:00:00Z,2861.0416666666665
2008-10-26T00:00:00Z,3206
2008-10-27T00:00:00Z,3496.0416666666665
2008-10-28T00:00:00Z,4045.7083333333335
2008-10-29T00:00:00Z,3863.2916666666665
2008-10-30T00:00:00Z,3897.2916666666665
2008-10-31T00:00:00Z,3677.9583333333335
2008-11-01T00:00:00Z,3338.0833333333335
2008-11-02T00:00:00Z,3137.4583333333335
2008-11-03T00:00:00Z,2822.25
2008-11-04T00:00:00Z,2850.375
2008-11-05T00:00:00Z,2621.5833333333335
2008-11-06T00:00:00Z,2710.0416666666665
2008-11-07T00:00:00Z,2638.4166666666665
2008-11-08T00:00:00Z,2665.625
2008-11-09T00:00:00Z,3647.0416666666665
2008-11-10T00:00:00Z,3843.6666666666665
2008-11-11T00:00:00Z,4044
2008-11-12T00:00:00Z,3468.6666666666665
2008-11-13T00:00:00Z,3427.3333333333335
2008-11-14T00:00:00Z,2898.7916666666665
2008-11-15T00:00:00Z,2819
2008-11-16T00:00:00Z,3995.3333333333335
2008-11-17T00:00:00Z,4745.333333333333
2008-11-18T00:00:00Z,5112.75
2008-11-19T00:00:00Z,5195.708333333333
2008-11-20T00:00:00Z,4408.291666666667
2008-11-21T00:00:00Z,5002.708333333333
2008-11-22T00:00:00Z,5702
2008-11-23T00:00:00Z,4917.375
2008-11-24T00:00:00Z,4935.708333333333
2008-11-25T00:00:00Z,4375
2008-11-26T00:00:00Z,4837.333333333333
2008-11-27T00:00:00Z,4696.916666666667
2008-11-28T00:00:00Z,3836.3333333333335
2008-11-29T00:00:00Z,4206.416666666667
2008-11-30T00:00:00Z,4786.083333333333
2008-12-01T00:00:00Z,4533.041666666667
2008-12-02T00:00:00Z,5255.666666666667
2008-12-03T00:00:00Z,5142.5
2008-12-04T00:00:00Z,4325.625
2008-12-05T00:00:00Z,4451.375
2008-12-06T00:00:00Z,5341.416666666667
2008-12-07T00:00:00Z,5404.375
2008-12-08T00:00:00Z,5958.625
2008-12-09T00:00:00Z,4553
2008-12-10T00:00:00Z,3111.375
2008-12-11T00:00:00Z,2983.2083333333335
2008-12-12T00:00:00Z,3990
2008-12-13T00:00:00Z,5252.708333333333
2008-12-14T00:00:00Z,4988.416666666667
2008-12-15T00:00:00Z,3630.375
2008-12-16T00:00:00Z,3747.7083333333335
2008-12-17T00:00:00Z,3938.625
2008-12-18T00:00:00Z,3634.25
2008-12-19T00:00:00Z,3131.7083333333335
2008-12-20T00:00:00Z,3553.25
2008-12-21T00:00:00Z,4447.708333333333
2008-12-22T00:00:00Z,6436.625
2008-12-23T00:00:00Z,5909.583333333333
2008-12-24T00:00:00Z,4757.958333333333
2008-12-25T00:00:00Z,3670.9583333333335
2008-12-26T00:00:00Z,4742.791666666667
2008-12-27T00:00:00Z,3794.375
2008-12-28T00:00:00Z,3071.9166666666665
2008-12-29T00:00:00Z,3363.375
2008-12-30T00:00:00Z,3757.0416666666665
2008-12-31T00:00:00Z,4576.291666666667
2009-01-01T00:00:00Z,5694.333333333333
2009-01-02T00:00:00Z,5289.083333333333
2009-01-03T00:00:00Z,4469.25
2009-01-04T00:00:00Z,3817.9166666666665
2009-01-05T00:00:00Z,3036.0416666666665
2009-01-06T00:00:00Z,4249.333333333333
2009-01-07T00:00:00Z,4662
2009-01-08T00:00:00Z,4742
2009-01-09T00:00:00Z,4961.041666666667
2009-01-10T00:00:00Z,4461.708333333333
2009-01-11T00:00:00Z,3885.625
2009-01-12T00:00:00Z,4830.041666666667
2009-01-13T00:00:00Z,5470.666666666667
2009-01-14T00:00:00Z,5251.958333333333
2009-01-15T00:00:00Z,5795.208333333333
2009-01-16T00:00:00Z,7442.666666666667
2009-01-17T00:00:00Z,7896.583333333333
2009-01-18T00:00:00Z,5485.625
2009-01-19T00:00:00Z,5193.041666666667
2009-01-20T00:00:00Z,6075.75
2009-01-21T00:00:00Z,6469
2009-01-22T00:00:00Z,5460.375
2009-01-23T00:00:00Z,4417.75
2009-01-24T00:00:00Z,3898.625
2009-01-25T00:00:00Z,5160.708333333333
2009-01-26T00:00:00Z,4671.666666666667
2009-01-27T00:00:00Z,4971.291666666667
2009-01-28T00:00:00Z,4719.708333333333
2009-01-29T00:00:00Z,4728.333333333333
2009-01-30T00:00:00Z,5094.666666666667
2009-01-31T00:00:00Z,5249.666666666667
2009-02-01T00:00:00Z,4421.708333333333
2009-02-02T00:00:00Z,3982.75
2009-02-03T00:00:00Z,4905.291666666667
2009-02-04T00:00:00Z,6079.041666666667
2009-02-05T00:00:00Z,6678.75
2009-02-06T00:00:00Z,4931.583333333333
2009-02-07T00:00:00Z,4052.6666666666665
2009-02-08T00:00:00Z,3303
2009-02-09T00:00:00Z,3267.375
2009-02-10T00:00:00Z,2867.375
2009-02-11T00:00:00Z,2688.0416666666665
2009-02-12T00:00:00Z,2829
2009-02-13T00:00:00Z,3077.2916666666665
2009-02-14T00:00:00Z,3229.0416666666665
2009-02-15T00:00:00Z,3738.7083333333335
2009-02-16T00:00:00Z,4500.208333333333
2009-02-17T00:00:00Z,4868.375
2009-02-18T00:00:00Z,4151.708333333333
2009-02-19T00:00:00Z,3977.75
2009-02-20T00:00:00Z,5160.625
2009-02-21T00:00:00Z,4850.041666666667
2009-02-22T00:00:00Z,4603.916666666667
2009-02-23T00:00:00Z,5309.041666666667
2009-02-24T00:00:00Z,5233.666666666667
2009-02-25T00:00:00Z,4545.333333333333
2009-02-26T00:00:00Z,3371.375
2009-02-27T00:00:00Z,2973.5833333333335
2009-02-28T00:00:00Z,4038.625
2009-03-01T00:00:00Z,5771.291666666667
2009-03-02T00:00:00Z,5968.583333333333
2009-03-03T00:00:00Z,6595.583333333333
2009-03-04T00:00:00Z,5688.625
2009-03-05T00:00:00Z,4373.625
2009-03-06T00:00:00Z,3125.625
2009-03-07T00:00:00Z,2732.6666666666665
2009-03-08T00:00:00Z,2565.8695652173915
2009-03-09T00:00:00Z,2381.2916666666665
2009-03-10T00:00:00Z,2432.625
2009-03-11T00:00:00Z,2418.0416666666665
2009-03-12T00:00:00Z,3211.3333333333335
2009-03-13T00:00:00Z,4115.208333333333
2009-03-14T00:00:00Z,4534.416666666667
2009-03-15T00:00:00Z,4042.4583333333335
2009-03-16T00:00:00Z,3620
2009-03-17T00:00:00Z,3240.9583333333335
2009-03-18T00:00:00Z,2987.625
2009-03-19T00:00:00Z,2711.6666666666665
2009-03-20T00:00:00Z,3124.7083333333335
2009-03-21T00:00:00Z,3739.9166666666665
2009-03-22T00:00:00Z,3725.6666666666665
2009-03-23T00:00:00Z,3036.9583333333335
2009-03-24T00:00:00Z,3184
2009-03-25T00:00:00Z,3859.0416666666665
2009-03-26T00:00:00Z,3905.6666666666665
2009-03-27T00:00:00Z,3098.4166666666665
2009-03-28T00:00:00Z,3129.3333333333335
2009-03-29T00:00:00Z,2732.9583333333335
2009-03-30T00:00:00Z,2971.9583333333335
2009-03-31T00:00:00Z,3021.5833333333335
2009-04-01T00:00:00Z,2749.0416666666665
2009-04-02T00:00:00Z,2814.4166666666665
2009-04-03T00:00:00Z,2352.25
2009-04-04T00:00:00Z,2776.9583333333335
2009-04-05T00:00:00Z,2658.7083333333335
2009-04-06T00:00:00Z,2435.6666666666665
2009-04-07T00:00:00Z,3729.0416666666665
2009-04-08T00:00:00Z,3674.375
2009-04-09T00:00:00Z,2817.9583333333335
2009-04-10T00:00:00Z,2686.3333333333335
2009-04-11T00:00:00Z,2572.7916666666665
2009-04-12T00:00:00Z,3038.625
2009-04-13T00:00:00Z,3063.625
2009-04-14T00:00:00Z,2981.4166666666665
2009-04-15T00:00:00Z,2646
2009-04-16T00:00:00Z,2740.2916666666665
2009-04-17T00:00:00Z,2762.375
2009-04-18T00:00:00Z,2620.2916666666665
2009-04-19T00:00:00Z,2435.9583333333335
2009-04-20T00:00:00Z,2373.4583333333335
2009-04-21T00:00:00Z,2326
2009-04-22T00:00:00Z,2729.625
2009-04-23T00:00:00Z,2744.3333333333335
2009-04-24T00:00:00Z,2573.125
2009-04-25T00:00:00Z,3072.7083333333335
2009-04-26T00:00:00Z,3311.25
2009-04-27T00:00:00Z,3019.625
2009-04-28T00:00:00Z,2800.75
2009-04-29T00:00:00Z,2601.75
2009-04-30T00:00:00Z,2246.9583333333335
2009-05-01T00:00:00Z,2466.3333333333335
2009-05-02T00:00:00Z,2609.375
2009-05-03T00:00:00Z,2611.25
2009-05-04T00:00:00Z,2583.625
2009-05-05T00:00:00Z,2368.6666666666665
2009-05-06T00:00:00Z,2377.3333333333335
2009-05-07T00:00:00Z,2661.4166666666665
2009-05-08T00:00:00Z,2441.9583333333335
2009-05-09T00:00:00Z,3199.2083333333335
2009-05-10T00:00:00Z,2789.3333333333335
2009-05-11T00:00:00Z,2405
2009-05-12T00:00:00Z,2504.6666666666665
2009-05-13T00:00:00Z,2374.6666666666665
2009-05-14T00:00:00Z,2562.7083333333335
2009-05-15T00:00:00Z,2751.625
2009-05-16T00:00:00Z,3090.7083333333335
2009-05-17T00:00:00Z,2539.75
2009-05-18T00:00:00Z,2373
2009-05-19T00:00:00Z,2538.9583333333335
2009-05-20T00:00:00Z,2500.375
2009-05-21T00:00:00Z,2588.0416666666665
2009-05-22T00:00:00Z,2717.625
2009-05-23T00:00:00Z,3025.3333333333335
2009-05-24T00:00:00Z,2872
2009-05-25T00:00:00Z,3127.9583333333335
2009-05-26T00:00:00Z,2906.3333333333335
2009-05-27T00:00:00Z,2867.7916666666665
2009-05-28T00:00:00Z,2923.2916666666665
2009-05-29T00:00:00Z,3044.0416666666665
2009-05-30T00:00:00Z,3112.75
2009-05-31T00:00:00Z,3284.9583333333335
2009-06-01T00:00:00Z,3065.0416666666665
2009-06-02T00:00:00Z,3634.3333333333335
2009-06-03T00:00:00Z,3427.0833333333335
2009-06-04T00:00:00Z,2929.6666666666665
2009-06-05T00:00:00Z,2425.625
2009-06-06T00:00:00Z,2988.7916666666665
2009-06-07T00:00:00Z,3309.375
2009-06-08T00:00:00Z,3576.25
2009-06-09T00:00:00Z,3690.375
2009-06-10T00:00:00Z,3371.2916666666665
2009-06-11T00:00:00Z,3137.6666666666665
2009-06-12T00:00:00Z,3447.0833333333335
2009-06-13T00:00:00Z,3792.3333333333335
2009-06-14T00:00:00Z,3645.6666666666665
2009-06-15T00:00:00Z,3217.7083333333335
2009-06-16T00:00:00Z,2537.7083333333335
2009-06-17T00:00:00Z,2594.7083333333335
2009-06-18T00:00:00Z,3596.9583333333335
2009-06-19T00:00:00Z,3754.125
2009-06-20T00:00:00Z,4287.5
2009-06-21T00:00:00Z,3520
2009-06-22T00:00:00Z,3643.875
2009-06-23T00:00:00Z,3738.0416666666665
2009-06-24T00:00:00Z,3882.625
2009-06-25T00:00:00Z,3818.375
2009-06-26T00:00:00Z,3908.4583333333335
2009-06-27T00:00:00Z,4182.708333333333
2009-06-28T00:00:00Z,3884.375
2009-06-29T00:00:00Z,3849.2083333333335
2009-06-30T00:00:00Z,3559.2083333333335
2009-07-01T00:00:00Z,3639.9583333333335
2009-07-02T00:00:00Z,3446.2916666666665
2009-07-03T00:00:00Z,3210.75
2009-07-04T00:00:00Z,3354.9583333333335
2009-07-05T00:00:00Z,2838.7083333333335
2009-07-06T00:00:00Z,3226.3333333333335
2009-07-07T00:00:00Z,3524.0416666666665
2009-07-08T00:00:00Z,3578.9583333333335
2009-07-09T00:00:00Z,3273.6666666666665
2009-07-10T00:00:00Z,3129.0416666666665
2009-07-11T00:00:00Z,3750.625
2009-07-12T00:00:00Z,4252.291666666667
2009-07-13T00:00:00Z,3827.3333333333335
2009-07-14T00:00:00Z,3471.625
2009-07-15T00:00:00Z,3410
2009-07-16T00:00:00Z,3764
2009-07-17T00:00:00Z,4153.25
2009-07-18T00:00:00Z,3624.3333333333335
2009-07-19T00:00:00Z,3259.3333333333335
2009-07-20T00:00:00Z,2852.25
2009-07-21T00:00:00Z,3029.0416666666665
2009-07-22T00:00:00Z,3693.375
2009-07-23T00:00:00Z,3836.625
2009-07-24T00:00:00Z,3715.0833333333335
2009-07-25T00:00:00Z,4053.625
2009-07-26T00:00:00Z,4169.375
2009-07-27T00:00:00Z,4065.625
2009-07-28T00:00:00Z,4210.75
2009-07-29T00:00:00Z,3476.375
2009-07-30T00:00:00Z,3693.75
2009-07-31T00:00:00Z,3623.6666666666665
2009-08-01T00:00:00Z,4245.916666666667
2009-08-02T00:00:00Z,3723.375
2009-08-03T00:00:00Z,3912.2916666666665
2009-08-04T00:00:00Z,3889.7083333333335
2009-08-05T00:00:00Z,4185.041666666667
2009-08-06T00:00:00Z,3636
2009-08-07T00:00:00Z,3647.2916666666665
2009-08-08T00:00:00Z,3940.4166666666665
2009-08-09T00:00:00Z,4609.875
2009-08-10T00:00:00Z,4720.375
2009-08-11T00:00:00Z,4190.333333333333
2009-08-12T00:00:00Z,3283.3333333333335
2009-08-13T00:00:00Z,3614.9583333333335
2009-08-14T00:00:00Z,3745
2009-08-15T00:00:00Z,3777.375
2009-08-16T00:00:00Z,3944.625
2009-08-17T00:00:00Z,4137.416666666667
2009-08-18T00:00:00Z,4298.708333333333
2009-08-19T00:00:00Z,4270.333333333333
2009-08-20T00:00:00Z,4108.625
2009-08-21T00:00:00Z,4382.291666666667
2009-08-22T00:00:00Z,3711
2009-08-23T00:00:00Z,3757.25
2009-08-24T00:00:00Z,3516.7083333333335
2009-08-25T00:00:00Z,3692.9583333333335
2009-08-26T00:00:00Z,3978.6666666666665
2009-08-27T00:00:00Z,4053.3333333333335
2009-08-28T00:00:00Z,3423.6666666666665
2009-08-29T00:00:00Z,3937.3333333333335
2009-08-30T00:00:00Z,3902.625
2009-08-31T00:00:00Z,2746.9166666666665
2009-09-01T00:00:00Z,2664.2916666666665
2009-09-02T00:00:00Z,2646
2009-09-03T00:00:00Z,2698.6666666666665
2009-09-04T00:00:00Z,2952.75
2009-09-05T00:00:00Z,3536.375
2009-09-06T00:00:00Z,3456.0833333333335
2009-09-07T00:00:00Z,3316.7083333333335
2009-09-08T00:00:00Z,3029.3333333333335
2009-09-09T00:00:00Z,2936.2916666666665
2009-09-10T00:00:00Z,2520.25
2009-09-11T00:00:00Z,2768
2009-09-12T00:00:00Z,3152.6666666666665
2009-09-13T00:00:00Z,3210.125
2009-09-14T00:00:00Z,3343.8333333333335
2009-09-15T00:00:00Z,3298.25
2009-09-16T00:00:00Z,2932
2009-09-17T00:00:00Z,2599
2009-09-18T00:00:00Z,2553.5833333333335
2009-09-19T00:00:00Z,2687.375
2009-09-20T00:00:00Z,2913.625
2009-09-21T00:00:00Z,2746.2916666666665
2009-09-22T00:00:00Z,2583.6666666666665
2009-09-23T00:00:00Z,2994.3333333333335
2009-09-24T00:00:00Z,3527.2916666666665
2009-09-25T00:00:00Z,2702.6666666666665
2009-09-26T00:00:00Z,2519.6666666666665
2009-09-27T00:00:00Z,2775.2083333333335
2009-09-28T00:00:00Z,2582.7916666666665
2009-09-29T00:00:00Z,2342.625
2009-09-30T00:00:00Z,2399.6666666666665
2009-10-01T00:00:00Z,2455
2009-10-02T00:00:00Z,2345.4166666666665
2009-10-03T00:00:00Z,2549.9166666666665
2009-10-04T00:00:00Z,2612.375
2009-10-05T00:00:00Z,2431.7083333333335
2009-10-06T00:00:00Z,2455.25
2009-10-07T00:00:00Z,2537.7083333333335
2009-10-08T00:00:00Z,2511.375
2009-10-09T00:00:00Z,2595.3333333333335
2009-10-10T00:00:00Z,2805.75
2009-10-11T00:00:00Z,2569.1666666666665
2009-10-12T00:00:00Z,2821.375
2009-10-13T00:00:00Z,2647.2083333333335
2009-10-14T00:00:00Z,3003.0833333333335
2009-10-15T00:00:00Z,3369.6666666666665
2009-10-16T00:00:00Z,3040.9583333333335
2009-10-17T00:00:00Z,3337.375
2009-10-18T00:00:00Z,3997.5833333333335
2009-10-19T00:00:00Z,3764.3333333333335
2009-10-20T00:00:00Z,3370
2009-10-21T00:00:00Z,2921.3333333333335
2009-10-22T00:00:00Z,2721.6666666666665
2009-10-23T00:00:00Z,2523.4166666666665
2009-10-24T00:00:00Z,2629.3333333333335
2009-10-25T00:00:00Z,2779.625
2009-10-26T00:00:00Z,2996.4166666666665
2009-10-27T00:00:00Z,2769.0833333333335
2009-10-28T00:00:00Z,2504.75
2009-10-29T00:00:00Z,2521.3333333333335
2009-10-30T00:00:00Z,2477.6666666666665
2009-10-31T00:00:00Z,2589.75
2009-11-01T00:00:00Z,3149.1666666666665
2009-11-02T00:00:00Z,2935.3333333333335
2009-11-03T00:00:00Z,3060.9583333333335
2009-11-04T00:00:00Z,3418.3333333333335
2009-11-05T00:00:00Z,3412.2916666666665
2009-11-06T00:00:00Z,3560.0416666666665
2009-11-07T00:00:00Z,3642.375
2009-11-08T00:00:00Z,3053.2916666666665
2009-11-09T00:00:00Z,2787.375
2009-11-10T00:00:00Z,2810.6666666666665
2009-11-11T00:00:00Z,3505.9166666666665
2009-11-12T00:00:00Z,3922.7083333333335
2009-11-13T00:00:00Z,3077.6666666666665
2009-11-14T00:00:00Z,2735.9583333333335
2009-11-15T00:00:00Z,2871.4166666666665
2009-11-16T00:00:00Z,2846.9166666666665
2009-11-17T00:00:00Z,3107.2916666666665
2009-11-18T00:00:00Z,3271.6666666666665
2009-11-19T00:00:00Z,2925.0833333333335
2009-11-20T00:00:00Z,3034.375
2009-11-21T00:00:00Z,3642.6666666666665
2009-11-22T00:00:00Z,3964.5416666666665
2009-11-23T00:00:00Z,3550
2009-11-24T00:00:00Z,2993.9166666666665
2009-11-25T00:00:00Z,3146.2916666666665
2009-11-26T00:00:00Z,3722
2009-11-27T00:00:00Z,3914.25
2009-11-28T00:00:00Z,4119.458333333333
2009-11-29T00:00:00Z,3589.3333333333335
2009-11-30T00:00:00Z,3438.2916666666665
2009-12-01T00:00:00Z,4210.916666666667
2009-12-02T00:00:00Z,4099.916666666667
2009-12-03T00:00:00Z,3245.9166666666665
2009-12-04T00:00:00Z,4406.333333333333
2009-12-05T00:00:00Z,4646.708333333333
2009-12-06T00:00:00Z,5519.375
2009-12-07T00:00:00Z,5243.416666666667
2009-12-08T00:00:00Z,5033.541666666667
2009-12-09T00:00:00Z,4399.958333333333
2009-12-10T00:00:00Z,4455.125
2009-12-11T00:00:00Z,5952
2009-12-12T00:00:00Z,6196.041666666667
2009-12-13T00:00:00Z,5378.916666666667
2009-12-14T00:00:00Z,4335.416666666667
2009-12-15T00:00:00Z,3558.9166666666665
2009-12-16T00:00:00Z,4579.375
2009-12-17T00:00:00Z,5164.75
2009-12-18T00:00:00Z,6031.583333333333
2009-12-19T00:00:00Z,5952.333333333333
2009-12-20T00:00:00Z,5325
2009-12-21T00:00:00Z,5127.041666666667
2009-12-22T00:00:00Z,4989.958333333333
2009-12-23T00:00:00Z,5382
2009-12-24T00:00:00Z,5459.041666666667
2009-12-25T00:00:00Z,5729.791666666667
2009-12-26T00:00:00Z,4785.333333333333
2009-12-27T00:00:00Z,5121.25
2009-12-28T00:00:00Z,5107.083333333333
2009-12-29T00:00:00Z,5495.375
2009-12-30T00:00:00Z,5704.916666666667
2009-12-31T00:00:00Z,5015.416666666667
2010-01-01T00:00:00Z,4950.166666666667
2010-01-02T00:00:00Z,6713.791666666667
2010-01-03T00:00:00Z,7407.916666666667
2010-01-04T00:00:00Z,6852.25
2010-01-05T00:00:00Z,6571.958333333333
2010-01-06T00:00:00Z,6433
2010-01-07T00:00:00Z,6110.666666666667
2010-01-08T00:00:00Z,6227.083333333333
2010-01-09T00:00:00Z,7210.625
2010-01-10T00:00:00Z,6692.916666666667
2010-01-11T00:00:00Z,6522.666666666667
2010-01-12T00:00:00Z,5531
2010-01-13T00:00:00Z,5822.916666666667
2010-01-14T00:00:00Z,5092.916666666667
2010-01-15T00:00:00Z,4602.958333333333
2010-01-16T00:00:00Z,4582.375
2010-01-17T00:00:00Z,4283.625
2010-01-18T00:00:00Z,3813.9166666666665
2010-01-19T00:00:00Z,3893.9583333333335
2010-01-20T00:00:00Z,3929.375
2010-01-21T00:00:00Z,5360.291666666667
2010-01-22T00:00:00Z,4863.291666666667
2010-01-23T00:00:00Z,4323.291666666667
2010-01-24T00:00:00Z,4736.041666666667
2010-01-25T00:00:00Z,3155.0833333333335
2010-01-26T00:00:00Z,4592.625
2010-01-27T00:00:00Z,4992.375
2010-01-28T00:00:00Z,4393.291666666667
2010-01-29T00:00:00Z,4859.958333333333
2010-01-30T00:00:00Z,7087
2010-01-31T00:00:00Z,6469.5
2010-02-01T00:00:00Z,5655.041666666667
2010-02-02T00:00:00Z,5721.583333333333
2010-02-03T00:00:00Z,4922.333333333333
2010-02-04T00:00:00Z,5208.583333333333
2010-02-05T00:00:00Z,5013.666666666667
2010-02-06T00:00:00Z,5056.291666666667
2010-02-07T00:00:00Z,5343
2010-02-08T00:00:00Z,5470.416666666667
2010-02-09T00:00:00Z,5446.666666666667
2010-02-10T00:00:00Z,6168.083333333333
2010-02-11T00:00:00Z,5517.375
2010-02-12T00:00:00Z,5733.666666666667
2010-02-13T00:00:00Z,5431.75
2010-02-14T00:00:00Z,5542.583333333333
2010-02-15T00:00:00Z,5646.375
2010-02-16T00:00:00Z,5888.083333333333
2010-02-17T00:00:00Z,5854.916666666667
2010-02-18T00:00:00Z,4999.666666666667
2010-02-19T00:00:00Z,4745.666666666667
2010-02-20T00:00:00Z,4654.958333333333
2010-02-21T00:00:00Z,4262.75
2010-02-22T00:00:00Z,4394.375
2010-02-23T00:00:00Z,3781.7083333333335
2010-02-24T00:00:00Z,4683.708333333333
2010-02-25T00:00:00Z,5260.958333333333
2010-02-26T00:00:00Z,5160.416666666667
2010-02-27T00:00:00Z,4926.666666666667
2010-02-28T00:00:00Z,4796
2010-03-01T00:00:00Z,4606.625
2010-03-02T00:00:00Z,5207.041666666667
2010-03-03T00:00:00Z,5139.291666666667
2010-03-04T00:00:00Z,4586.291666666667
2010-03-05T00:00:00Z,4591
2010-03-06T00:00:00Z,4347.041666666667
2010-03-07T00:00:00Z,4240.291666666667
2010-03-08T00:00:00Z,3495.6666666666665
2010-03-09T00:00:00Z,3232.5833333333335
2010-03-10T00:00:00Z,2758.5833333333335
2010-03-11T00:00:00Z,2818.7083333333335
2010-03-12T00:00:00Z,2556.9583333333335
2010-03-13T00:00:00Z,2801.625
2010-03-14T00:00:00Z,3160.0434782608695
2010-03-15T00:00:00Z,3218.3333333333335
2010-03-16T00:00:00Z,3329.7083333333335
2010-03-17T00:00:00Z,3343.875
2010-03-18T00:00:00Z,2878
2010-03-19T00:00:00Z,2840.5416666666665
2010-03-20T00:00:00Z,2798.4166666666665
2010-03-21T00:00:00Z,2679.375
2010-03-22T00:00:00Z,2684
2010-03-23T00:00:00Z,3413.0833333333335
2010-03-24T00:00:00Z,2953.9166666666665
2010-03-25T00:00:00Z,2683.2916666666665
2010-03-26T00:00:00Z,2827
2010-03-27T00:00:00Z,3789.9583333333335
2010-03-28T00:00:00Z,3910
2010-03-29T00:00:00Z,3039.9166666666665
2010-03-30T00:00:00Z,2761.9583333333335
2010-03-31T00:00:00Z,2739.3333333333335
2010-04-01T00:00:00Z,2525
2010-04-02T00:00:00Z,2663
2010-04-03T00:00:00Z,2604.6666666666665
2010-04-04T00:00:00Z,2784.4166666666665
2010-04-05T00:00:00Z,2484.5416666666665
2010-04-06T00:00:00Z,3071.375
2010-04-07T00:00:00Z,2961.0416666666665
2010-04-08T00:00:00Z,2451.6666666666665
2010-04-09T00:00:00Z,2278.625
2010-04-10T00:00:00Z,2733.6666666666665
2010-04-11T00:00:00Z,2805
2010-04-12T00:00:00Z,2478.375
2010-04-13T00:00:00Z,2438.6666666666665
2010-04-14T00:00:00Z,2560.0833333333335
2010-04-15T00:00:00Z,2694.2916666666665
2010-04-16T00:00:00Z,2570.0416666666665
2010-04-17T00:00:00Z,2476.3333333333335
2010-04-18T00:00:00Z,2565.4166666666665
2010-04-19T00:00:00Z,2602.0833333333335
2010-04-20T00:00:00Z,2452.2083333333335
2010-04-21T00:00:00Z,2325.7083333333335
2010-04-22T00:00:00Z,2445.625
2010-04-23T00:00:00Z,2290.9583333333335
2010-04-24T00:00:00Z,2418.625
2010-04-25T00:00:00Z,2599.7083333333335
2010-04-26T00:00:00Z,2373.3333333333335
2010-04-27T00:00:00Z,2337.2916666666665
2010-04-28T00:00:00Z,2584.7083333333335
2010-04-29T00:00:00Z,2635.4166666666665
2010-04-30T00:00:00Z,2514.9166666666665
2010-05-01T00:00:00Z,2930
2010-05-02T00:00:00Z,3738.3333333333335
2010-05-03T00:00:00Z,2953.7083333333335
2010-05-04T00:00:00Z,3175.0416666666665
2010-05-05T00:00:00Z,3033.3333333333335
2010-05-06T00:00:00Z,3243.2916666666665
2010-05-07T00:00:00Z,3067.4166666666665
2010-05-08T00:00:00Z,3146.6666666666665
2010-05-09T00:00:00Z,2470.6666666666665
2010-05-10T00:00:00Z,2465.2916666666665
2010-05-11T00:00:00Z,2414
2010-05-12T00:00:00Z,2669.5833333333335
2010-05-13T00:00:00Z,2399.7083333333335
2010-05-14T00:00:00Z,3162.375
2010-05-15T00:00:00Z,3597.75
2010-05-16T00:00:00Z,3053.375
2010-05-17T00:00:00Z,2423.0416666666665
2010-05-18T00:00:00Z,2387.25
2010-05-19T00:00:00Z,2371.6666666666665
2010-05-20T00:00:00Z,2644.25
2010-05-21T00:00:00Z,2560.6666666666665
2010-05-22T00:00:00Z,2702.6666666666665
2010-05-23T00:00:00Z,3106.9583333333335
2010-05-24T00:00:00Z,2681
2010-05-25T00:00:00Z,2750.0416666666665
2010-05-26T00:00:00Z,3059.9583333333335
2010-05-27T00:00:00Z,3529.6666666666665
2010-05-28T00:00:00Z,3361.875
2010-05-29T00:00:00Z,3349.75
2010-05-30T00:00:00Z,3684.625
2010-05-31T00:00:00Z,3309.0416666666665
2010-06-01T00:00:00Z,3359.625
2010-06-02T00:00:00Z,3519
2010-06-03T00:00:00Z,3373.375
2010-06-04T00:00:00Z,3579.4166666666665
2010-06-05T00:00:00Z,4298.625
2010-06-06T00:00:00Z,4198.708333333333
2010-06-07T00:00:00Z,3144.2916666666665
2010-06-08T00:00:00Z,3118.2916666666665
2010-06-09T00:00:00Z,3003.9583333333335
2010-06-10T00:00:00Z,4035.625
2010-06-11T00:00:00Z,3756.0416666666665
2010-06-12T00:00:00Z,3767.7083333333335
2010-06-13T00:00:00Z,4108.5
2010-06-14T00:00:00Z,3953.3333333333335
2010-06-15T00:00:00Z,3873.375
2010-06-16T00:00:00Z,3692.0833333333335
2010-06-17T00:00:00Z,3881.7083333333335
2010-06-18T00:00:00Z,3666.2916666666665
2010-06-19T00:00:00Z,4179.083333333333
2010-06-20T00:00:00Z,4404.958333333333
2010-06-21T00:00:00Z,4210.291666666667
2010-06-22T00:00:00Z,4403.291666666667
2010-06-23T00:00:00Z,4366.5
2010-06-24T00:00:00Z,4532.416666666667
2010-06-25T00:00:00Z,4405
2010-06-26T00:00:00Z,4763
2010-06-27T00:00:00Z,4954
2010-06-28T00:00:00Z,4817.75
2010-06-29T00:00:00Z,4280
2010-06-30T00:00:00Z,3474.375
2010-07-01T00:00:00Z,3331.6666666666665
2010-07-02T00:00:00Z,3115.0416666666665
2010-07-03T00:00:00Z,3306
2010-07-04T00:00:00Z,3742.625
2010-07-05T00:00:00Z,4218.291666666667
2010-07-06T00:00:00Z,4328.333333333333
2010-07-07T00:00:00Z,4586.333333333333
2010-07-08T00:00:00Z,4915.958333333333
2010-07-09T00:00:00Z,4477
2010-07-10T00:00:00Z,4335.916666666667
2010-07-11T00:00:00Z,4306.291666666667
2010-07-12T00:00:00Z,3315
2010-07-13T00:00:00Z,3629.9583333333335
2010-07-14T00:00:00Z,4074.625
2010-07-15T00:00:00Z,4332.541666666667
2010-07-16T00:00:00Z,4239.125
2010-07-17T00:00:00Z,3452.375
2010-07-18T00:00:00Z,4358.375
2010-07-19T00:00:00Z,4237.958333333333
2010-07-20T00:00:00Z,4401.791666666667
2010-07-21T00:00:00Z,4399.291666666667
2010-07-22T00:00:00Z,4490.666666666667
2010-07-23T00:00:00Z,4894.291666666667
2010-07-24T00:00:00Z,5448.666666666667
2010-07-25T00:00:00Z,5483.916666666667
2010-07-26T00:00:00Z,4852.041666666667
2010-07-27T00:00:00Z,3892.3333333333335
2010-07-28T00:00:00Z,4025.625
2010-07-29T00:00:00Z,4786.625
2010-07-30T00:00:00Z,4094.8333333333335
2010-07-31T00:00:00Z,2882.375
2010-08-01T00:00:00Z,2734.9583333333335
2010-08-02T00:00:00Z,3056.2916666666665
2010-08-03T00:00:00Z,4042.25
2010-08-04T00:00:00Z,4646.291666666667
2010-08-05T00:00:00Z,4231.708333333333
2010-08-06T00:00:00Z,4128.083333333333
2010-08-07T00:00:00Z,4025.0416666666665
2010-08-08T00:00:00Z,4087.9583333333335
2010-08-09T00:00:00Z,4406.291666666667
2010-08-10T00:00:00Z,4543.041666666667
2010-08-11T00:00:00Z,4658.708333333333
2010-08-12T00:00:00Z,4571.916666666667
2010-08-13T00:00:00Z,4316.333333333333
2010-08-14T00:00:00Z,3923.0416666666665
2010-08-15T00:00:00Z,3961.7083333333335
2010-08-16T00:00:00Z,4425.291666666667
2010-08-17T00:00:00Z,4325.708333333333
2010-08-18T00:00:00Z,4145.375
2010-08-19T00:00:00Z,3186.6666666666665
2010-08-20T00:00:00Z,4004.2916666666665
2010-08-21T00:00:00Z,4081
2010-08-22T00:00:00Z,4204.625
2010-08-23T00:00:00Z,3939.625
2010-08-24T00:00:00Z,3316.0416666666665
2010-08-25T00:00:00Z,3122.9583333333335
2010-08-26T00:00:00Z,3601.9583333333335
2010-08-27T00:00:00Z,3542.875
2010-08-28T00:00:00Z,4015.25
2010-08-29T00:00:00Z,4140.375
2010-08-30T00:00:00Z,4042.625
2010-08-31T00:00:00Z,3948.7083333333335
2010-09-01T00:00:00Z,3952.375
2010-09-02T00:00:00Z,3915.625
2010-09-03T00:00:00Z,3921.9166666666665
2010-09-04T00:00:00Z,3333.9166666666665
2010-09-05T00:00:00Z,2925.5833333333335
2010-09-06T00:00:00Z,3313.625
2010-09-07T00:00:00Z,3628.9166666666665
2010-09-08T00:00:00Z,3135.9166666666665
2010-09-09T00:00:00Z,3095
2010-09-10T00:00:00Z,2860.0416666666665
2010-09-11T00:00:00Z,2782.3333333333335
2010-09-12T00:00:00Z,3254.4166666666665
2010-09-13T00:00:00Z,2977.6666666666665
2010-09-14T00:00:00Z,3257.3333333333335
2010-09-15T00:00:00Z,3391.3333333333335
2010-09-16T00:00:00Z,3296.7083333333335
2010-09-17T00:00:00Z,3495.6666666666665
2010-09-18T00:00:00Z,3217.6666666666665
2010-09-19T00:00:00Z,3477.375
2010-09-20T00:00:00Z,3580.2916666666665
2010-09-21T00:00:00Z,3331.2916666666665
2010-09-22T00:00:00Z,3784.9583333333335
2010-09-23T00:00:00Z,3710.4166666666665
2010-09-24T00:00:00Z,3624.375
2010-09-25T00:00:00Z,3616.125
2010-09-26T00:00:00Z,2831.0416666666665
2010-09-27T00:00:00Z,2520
2010-09-28T00:00:00Z,2750.375
2010-09-29T00:00:00Z,2398.6666666666665
2010-09-30T00:00:00Z,2609
2010-10-01T00:00:00Z,2517.7083333333335
2010-10-02T00:00:00Z,2479.2916666666665
2010-10-03T00:00:00Z,2551.6666666666665
2010-10-04T00:00:00Z,2479.5833333333335
2010-10-05T00:00:00Z,2578.2916666666665
2010-10-06T00:00:00Z,2752.6666666666665
2010-10-07T00:00:00Z,2652.625
2010-10-08T00:00:00Z,2514.625
2010-10-09T00:00:00Z,2721.9166666666665
2010-10-10T00:00:00Z,2835.0416666666665
2010-10-11T00:00:00Z,2802.3333333333335
2010-10-12T00:00:00Z,2743.625
2010-10-13T00:00:00Z,2436.5416666666665
2010-10-14T00:00:00Z,2462.0833333333335
2010-10-15T00:00:00Z,2734.0833333333335
2010-10-16T00:00:00Z,2908.7083333333335
2010-10-17T00:00:00Z,2969.0416666666665
2010-10-18T00:00:00Z,2631.125
2010-10-19T00:00:00Z,2537.2916666666665
2010-10-20T00:00:00Z,2538
2010-10-21T00:00:00Z,2656.75
2010-10-22T00:00:00Z,2740.7083333333335
2010-10-23T00:00:00Z,3089.0416666666665
2010-10-24T00:00:00Z,2719
2010-10-25T00:00:00Z,2422.2916666666665
2010-10-26T00:00:00Z,2481.6666666666665
2010-10-27T00:00:00Z,2621.4166666666665
2010-10-28T00:00:00Z,2537.625
2010-10-29T00:00:00Z,2605.5833333333335
2010-10-30T00:00:00Z,3327.7083333333335
2010-10-31T00:00:00Z,2952.6666666666665
2010-11-01T00:00:00Z,2979.75
2010-11-02T00:00:00Z,3312.2916666666665
2010-11-03T00:00:00Z,3603.9166666666665
2010-11-04T00:00:00Z,3227.5
2010-11-05T00:00:00Z,3547.0416666666665
2010-11-06T00:00:00Z,3808.75
2010-11-07T00:00:00Z,4477.75
2010-11-08T00:00:00Z,3837
2010-11-09T00:00:00Z,2962
2010-11-10T00:00:00Z,2971.0833333333335
2010-11-11T00:00:00Z,3173.6666666666665
2010-11-12T00:00:00Z,3497.3333333333335
2010-11-13T00:00:00Z,3990.9583333333335
2010-11-14T00:00:00Z,3713.9583333333335
2010-11-15T00:00:00Z,3434.75
2010-11-16T00:00:00Z,3066
2010-11-17T00:00:00Z,2946.25
2010-11-18T00:00:00Z,3933.9583333333335
2010-11-19T00:00:00Z,3798.25
2010-11-20T00:00:00Z,3551.375
2010-11-21T00:00:00Z,3545.625
2010-11-22T00:00:00Z,3207.9583333333335
2010-11-23T00:00:00Z,2855.7083333333335
2010-11-24T00:00:00Z,3399.625
2010-11-25T00:00:00Z,3781.375
2010-11-26T00:00:00Z,3085.9583333333335
2010-11-27T00:00:00Z,4257.083333333333
2010-11-28T00:00:00Z,4818.666666666667
2010-11-29T00:00:00Z,5002.041666666667
2010-11-30T00:00:00Z,3560
2010-12-01T00:00:00Z,3499.2083333333335
2010-12-02T00:00:00Z,4892.583333333333
2010-12-03T00:00:00Z,4457.958333333333
2010-12-04T00:00:00Z,5447
2010-12-05T00:00:00Z,5589.375
2010-12-06T00:00:00Z,5930.958333333333
2010-12-07T00:00:00Z,6640.291666666667
2010-12-08T00:00:00Z,6656.333333333333
2010-12-09T00:00:00Z,6322.625
2010-12-10T00:00:00Z,5746.958333333333
2010-12-11T00:00:00Z,5388.583333333333
2010-12-12T00:00:00Z,5227.666666666667
2010-12-13T00:00:00Z,6430.375
2010-12-14T00:00:00Z,7440.708333333333
2010-12-15T00:00:00Z,7124.208333333333
2010-12-16T00:00:00Z,6406.291666666667
2010-12-17T00:00:00Z,5752.375
2010-12-18T00:00:00Z,5894.958333333333
2010-12-19T00:00:00Z,5876.666666666667
2010-12-20T00:00:00Z,6125.583333333333
2010-12-21T00:00:00Z,5440.333333333333
2010-12-22T00:00:00Z,4455.666666666667
2010-12-23T00:00:00Z,5520.666666666667
2010-12-24T00:00:00Z,5658.041666666667
2010-12-25T00:00:00Z,5596.666666666667
2010-12-26T00:00:00Z,6254.333333333333
2010-12-27T00:00:00Z,6389.916666666667
2010-12-28T00:00:00Z,6090.291666666667
2010-12-29T00:00:00Z,5610.625
2010-12-30T00:00:00Z,5530.666666666667
2010-12-31T00:00:00Z,4473.583333333333
2011-01-01T00:00:00Z,3968.9583333333335
2011-01-02T00:00:00Z,3736.25
2011-01-03T00:00:00Z,5477.25
2011-01-04T00:00:00Z,5529.333333333333
2011-01-05T00:00:00Z,5398.083333333333
2011-01-06T00:00:00Z,4703.75
2011-01-07T00:00:00Z,5059.041666666667
2011-01-08T00:00:00Z,6216.208333333333
2011-01-09T00:00:00Z,6966.541666666667
2011-01-10T00:00:00Z,6281.5
2011-01-11T00:00:00Z,6423.666666666667
2011-01-12T00:00:00Z,6269
2011-01-13T00:00:00Z,6205.416666666667
2011-01-14T00:00:00Z,6332.333333333333
2011-01-15T00:00:00Z,5393.333333333333
2011-01-16T00:00:00Z,5254.958333333333
2011-01-17T00:00:00Z,5649.125
2011-01-18T00:00:00Z,5196.958333333333
2011-01-19T00:00:00Z,4002.0416666666665
2011-01-20T00:00:00Z,4908.75
2011-01-21T00:00:00Z,5070.916666666667
2011-01-22T00:00:00Z,6342.666666666667
2011-01-23T00:00:00Z,6053.916666666667
2011-01-24T00:00:00Z,5595.625
2011-01-25T00:00:00Z,5310.708333333333
2011-01-26T00:00:00Z,5096
2011-01-27T00:00:00Z,5206.375
2011-01-28T00:00:00Z,5082
2011-01-29T00:00:00Z,4810.708333333333
2011-01-30T00:00:00Z,3831.625
2011-01-31T00:00:00Z,4615.291666666667
2011-02-01T00:00:00Z,4502.958333333333
2011-02-02T00:00:00Z,3740
2011-02-03T00:00:00Z,5155.958333333333
2011-02-04T00:00:00Z,5073.708333333333
2011-02-05T00:00:00Z,5086.375
2011-02-06T00:00:00Z,4732.458333333333
2011-02-07T00:00:00Z,4902
2011-02-08T00:00:00Z,4705.625
2011-02-09T00:00:00Z,5654.583333333333
2011-02-10T00:00:00Z,5087.375
2011-02-11T00:00:00Z,5483.5
2011-02-12T00:00:00Z,5013.375
2011-02-13T00:00:00Z,4326.583333333333
2011-02-14T00:00:00Z,3550.5416666666665
2011-02-15T00:00:00Z,3778.75
2011-02-16T00:00:00Z,3979.375
2011-02-17T00:00:00Z,3492.0416666666665
2011-02-18T00:00:00Z,2625.125
2011-02-19T00:00:00Z,3099.7083333333335
2011-02-20T00:00:00Z,3831.6666666666665
2011-02-21T00:00:00Z,3032.375
2011-02-22T00:00:00Z,3432.7083333333335
2011-02-23T00:00:00Z,4079.6666666666665
2011-02-24T00:00:00Z,4593.083333333333
2011-02-25T00:00:00Z,3244.625
2011-02-26T00:00:00Z,4123.916666666667
2011-02-27T00:00:00Z,3394.9166666666665
2011-02-28T00:00:00Z,2529
2011-03-01T00:00:00Z,3290.6666666666665
2011-03-02T00:00:00Z,3817.125
2011-03-03T00:00:00Z,3692.9583333333335
2011-03-04T00:00:00Z,3849.3333333333335
2011-03-05T00:00:00Z,3213.0416666666665
2011-03-06T00:00:00Z,3452.3333333333335
2011-03-07T00:00:00Z,4160.375
2011-03-08T00:00:00Z,4268.708333333333
2011-03-09T00:00:00Z,4114.791666666667
2011-03-10T00:00:00Z,3300.7083333333335
2011-03-11T00:00:00Z,4001
2011-03-12T00:00:00Z,3748.1666666666665
2011-03-13T00:00:00Z,2900.5652173913045
2011-03-14T00:00:00Z,3215
2011-03-15T00:00:00Z,3895.9583333333335
2011-03-16T00:00:00Z,3233.0833333333335
2011-03-17T00:00:00Z,3199.125
2011-03-18T00:00:00Z,2558.6666666666665
2011-03-19T00:00:00Z,2442.625
2011-03-20T00:00:00Z,2848.625
2011-03-21T00:00:00Z,2584.375
2011-03-22T00:00:00Z,2460.0833333333335
2011-03-23T00:00:00Z,2331.375
2011-03-24T00:00:00Z,2601.3333333333335
2011-03-25T00:00:00Z,3344.7083333333335
2011-03-26T00:00:00Z,3872.7083333333335
2011-03-27T00:00:00Z,4627
2011-03-28T00:00:00Z,4450.333333333333
2011-03-29T00:00:00Z,3953.9166666666665
2011-03-30T00:00:00Z,4047.9583333333335
2011-03-31T00:00:00Z,4027.2916666666665
2011-04-01T00:00:00Z,3799.2916666666665
2011-04-02T00:00:00Z,3702
2011-04-03T00:00:00Z,3486.4583333333335
2011-04-04T00:00:00Z,2572.2083333333335
2011-04-05T00:00:00Z,2523.2916666666665
2011-04-06T00:00:00Z,3260.375
2011-04-07T00:00:00Z,2657.2916666666665
2011-04-08T00:00:00Z,2382.4166666666665
2011-04-09T00:00:00Z,2890.3333333333335
2011-04-10T00:00:00Z,2905.2916666666665
2011-04-11T00:00:00Z,2646.3333333333335
2011-04-12T00:00:00Z,2461.375
2011-04-13T00:00:00Z,2492
2011-04-14T00:00:00Z,2621
2011-04-15T00:00:00Z,2439.6666666666665
2011-04-16T00:00:00Z,2528.3333333333335
2011-04-17T00:00:00Z,2653.3333333333335
2011-04-18T00:00:00Z,2512
2011-04-19T00:00:00Z,2524.75
2011-04-20T00:00:00Z,2656
2011-04-21T00:00:00Z,2362.75
2011-04-22T00:00:00Z,2674.3333333333335
2011-04-23T00:00:00Z,2761.0416666666665
2011-04-24T00:00:00Z,2945.3333333333335
2011-04-25T00:00:00Z,2894.7916666666665
2011-04-26T00:00:00Z,2883.5833333333335
2011-04-27T00:00:00Z,2888.7083333333335
2011-04-28T00:00:00Z,2798.8333333333335
2011-04-29T00:00:00Z,2345
2011-04-30T00:00:00Z,2578.25
2011-05-01T00:00:00Z,2498.375
2011-05-02T00:00:00Z,2695
2011-05-03T00:00:00Z,2641.9583333333335
2011-05-04T00:00:00Z,2358
2011-05-05T00:00:00Z,2607.625
2011-05-06T00:00:00Z,2484.0833333333335
2011-05-07T00:00:00Z,2594.625
2011-05-08T00:00:00Z,2554.625
2011-05-09T00:00:00Z,2658
2011-05-10T00:00:00Z,2619.0416666666665
2011-05-11T00:00:00Z,2543.6666666666665
2011-05-12T00:00:00Z,2392.3333333333335
2011-05-13T00:00:00Z,2432.625
2011-05-14T00:00:00Z,2654.0416666666665
2011-05-15T00:00:00Z,2762.375
2011-05-16T00:00:00Z,2453.6666666666665
2011-05-17T00:00:00Z,2395.6666666666665
2011-05-18T00:00:00Z,2349.875
2011-05-19T00:00:00Z,2421
2011-05-20T00:00:00Z,2525.625
2011-05-21T00:00:00Z,2955.375
2011-05-22T00:00:00Z,3450.6666666666665
2011-05-23T00:00:00Z,3029.4166666666665
2011-05-24T00:00:00Z,3082.7083333333335
2011-05-25T00:00:00Z,3421.4166666666665
2011-05-26T00:00:00Z,3664
2011-05-27T00:00:00Z,2526
2011-05-28T00:00:00Z,3154.5833333333335
2011-05-29T00:00:00Z,3578.7916666666665
2011-05-30T00:00:00Z,4311.375
2011-05-31T00:00:00Z,4280
2011-06-01T00:00:00Z,4504.083333333333
2011-06-02T00:00:00Z,4045.9583333333335
2011-06-03T00:00:00Z,3366.6666666666665
2011-06-04T00:00:00Z,3591.6666666666665
2011-06-05T00:00:00Z,4086.5
2011-06-06T00:00:00Z,3991.625
2011-06-07T00:00:00Z,3884.3333333333335
2011-06-08T00:00:00Z,4268.583333333333
2011-06-09T00:00:00Z,4235.75
2011-06-10T00:00:00Z,4029.5833333333335
2011-06-11T00:00:00Z,3787.0833333333335
2011-06-12T00:00:00Z,3588.625
2011-06-13T00:00:00Z,3578.3333333333335
2011-06-14T00:00:00Z,3086.0416666666665
2011-06-15T00:00:00Z,2894.7916666666665
2011-06-16T00:00:00Z,3328.375
2011-06-17T00:00:00Z,3400.4166666666665
2011-06-18T00:00:00Z,3576.6666666666665
2011-06-19T00:00:00Z,3499.25
2011-06-20T00:00:00Z,3681.2083333333335
2011-06-21T00:00:00Z,3949.4166666666665
2011-06-22T00:00:00Z,3920.3333333333335
2011-06-23T00:00:00Z,3332.7083333333335
2011-06-24T00:00:00Z,3884.5416666666665
2011-06-25T00:00:00Z,3540.7083333333335
2011-06-26T00:00:00Z,3596.75
2011-06-27T00:00:00Z,4047.6666666666665
2011-06-28T00:00:00Z,4181.375
2011-06-29T00:00:00Z,3910
2011-06-30T00:00:00Z,3542.0833333333335
